from_node_id,to_node_id,day_no,starting_time_in_min,ending_time_in_min,travel_time_in_min
1285,5018,0,960,975,1.07
1285,5018,0,975,990,1.68
1285,5018,0,990,1005,4.45
1285,5018,0,1005,1020,54.31
1285,5018,0,1020,1035,54.84
1285,5018,0,1035,1050,48.28
1286,11125,0,1005,1020,75.42
1286,11125,0,1020,1035,78.36
1286,11125,0,1035,1050,69.04
1289,5018,0,960,975,1.09
1289,5018,0,975,990,1.72
1289,5018,0,990,1005,12.02
1289,5018,0,1005,1020,51.12
1289,5018,0,1020,1035,50.55
1289,5018,0,1035,1050,50.58
1314,11146,0,1005,1020,1.08
1314,11146,0,1020,1035,1.43
1314,11146,0,1035,1050,3.75
1316,11148,0,990,1005,0.97
1316,11148,0,1005,1020,0.95
1316,11148,0,1020,1035,1.87
1316,11148,0,1035,1050,2.61
1318,11160,0,975,990,0.70
1318,11160,0,990,1005,0.77
1318,11160,0,1005,1020,0.80
1318,11160,0,1020,1035,0.82
1318,11160,0,1035,1050,0.75
1320,11148,0,990,1005,0.84
1320,11148,0,1005,1020,1.28
1320,11148,0,1020,1035,1.57
1320,11148,0,1035,1050,4.04
1322,5589,0,960,975,0.85
1322,5589,0,975,990,0.69
1322,5589,0,990,1005,0.77
1322,5589,0,1005,1020,0.90
1322,5589,0,1020,1035,0.71
1322,5589,0,1035,1050,0.86
1323,5592,0,930,945,0.79
1323,5592,0,945,960,0.83
1323,5592,0,960,975,0.79
1323,5592,0,975,990,0.83
1323,5592,0,990,1005,0.78
1323,5592,0,1005,1020,0.85
1323,5592,0,1020,1035,0.79
1323,5592,0,1035,1050,0.88
1346,11172,0,945,960,0.75
1346,11172,0,960,975,0.91
1346,11172,0,975,990,1.12
1346,11172,0,990,1005,1.02
1346,11172,0,1005,1020,1.47
1346,11172,0,1020,1035,1.14
1346,11172,0,1035,1050,2.87
1348,5210,0,960,975,0.87
1348,5210,0,975,990,1.02
1348,5210,0,990,1005,1.75
1348,5210,0,1005,1020,1.41
1348,5210,0,1020,1035,1.39
1348,5210,0,1035,1050,2.46
1349,5210,0,960,975,0.77
1349,5210,0,975,990,0.80
1349,5210,0,990,1005,1.52
1349,5210,0,1005,1020,1.52
1349,5210,0,1020,1035,1.15
1349,5210,0,1035,1050,4.27
1351,5209,0,990,1005,4.14
1351,5209,0,1005,1020,4.04
1351,5209,0,1020,1035,2.59
1351,5209,0,1035,1050,5.41
1352,5209,0,990,1005,7.56
1352,5209,0,1005,1020,12.51
1352,5209,0,1020,1035,9.22
1352,5209,0,1035,1050,10.23
1353,5589,0,960,975,0.89
1353,5589,0,975,990,0.86
1353,5589,0,990,1005,0.85
1353,5589,0,1005,1020,0.78
1353,5589,0,1020,1035,0.87
1353,5589,0,1035,1050,0.79
1353,11172,0,945,960,0.70
1353,11172,0,960,975,0.80
1353,11172,0,975,990,0.83
1353,11172,0,990,1005,0.81
1353,11172,0,1005,1020,1.12
1353,11172,0,1020,1035,0.90
1353,11172,0,1035,1050,1.15
1354,5592,0,945,960,1.03
1354,5592,0,960,975,1.02
1354,5592,0,975,990,1.02
1354,5592,0,990,1005,1.03
1354,5592,0,1005,1020,1.02
1354,5592,0,1020,1035,1.06
1354,5592,0,1035,1050,1.02
1397,11261,0,1020,1035,5.45
1397,11261,0,1035,1050,7.55
4804,5106,0,930,945,0.55
4804,5106,0,945,960,0.56
4804,5106,0,960,975,0.56
4804,5106,0,975,990,0.57
4804,5106,0,990,1005,0.55
4804,5106,0,1005,1020,0.56
4804,5106,0,1020,1035,0.57
4804,5106,0,1035,1050,0.56
4899,5030,0,960,975,0.58
4899,5030,0,1005,1020,0.59
4899,5030,0,1020,1035,0.59
4952,1289,0,945,960,0.71
4952,1289,0,975,990,0.71
4952,1289,0,990,1005,0.73
4952,1289,0,1005,1020,0.74
4952,1289,0,1020,1035,0.72
4952,1289,0,1035,1050,0.72
4952,1289,0,1065,1080,0.74
4952,1290,0,930,945,0.74
4952,1290,0,945,960,0.74
4952,1290,0,960,975,0.75
4952,1290,0,975,990,0.74
4952,1290,0,990,1005,0.74
4952,1290,0,1020,1035,0.76
4952,1290,0,1035,1050,0.74
4952,1290,0,1050,1065,0.76
4952,1290,0,1065,1080,0.77
4952,1290,0,1080,1095,0.75
4952,5022,0,930,945,0.95
4952,5022,0,945,960,0.96
4952,5022,0,960,975,0.95
4952,5022,0,990,1005,0.96
4952,5022,0,1005,1020,0.95
4952,5022,0,1020,1035,0.95
4952,5022,0,1035,1050,0.95
4952,5440,0,960,975,1.01
4952,5440,0,990,1005,0.97
4952,5440,0,1005,1020,0.98
4952,5440,0,1020,1035,0.99
4952,5440,0,1035,1050,1.30
4952,5440,0,1050,1065,4.77
4958,1299,0,930,945,0.61
4958,1299,0,945,960,0.60
4958,1299,0,960,975,0.60
4958,1299,0,975,990,0.62
4958,1299,0,990,1005,0.58
4958,1299,0,1005,1020,0.59
4958,1299,0,1035,1050,0.59
4958,1299,0,1065,1080,0.63
4958,1299,0,1080,1095,0.65
4958,1299,0,1095,1110,0.63
4958,1299,0,1110,1125,0.62
4958,5030,0,930,945,0.29
4958,5030,0,960,975,0.29
4958,5030,0,990,1005,0.29
5009,5027,0,975,990,0.27
5009,5240,0,990,1005,0.51
5010,4958,0,930,945,0.21
5010,4958,0,945,960,0.22
5010,4958,0,960,975,0.21
5010,4958,0,975,990,0.21
5010,4958,0,990,1005,0.21
5010,4958,0,1005,1020,0.21
5010,4958,0,1020,1035,0.21
5010,4958,0,1035,1050,0.21
5010,5027,0,945,960,0.74
5017,5018,0,930,945,0.72
5017,5018,0,945,960,0.71
5017,5018,0,960,975,0.74
5017,5018,0,975,990,0.71
5017,5018,0,990,1005,0.73
5017,5018,0,1020,1035,0.71
5017,5018,0,1035,1050,0.71
5017,5018,0,1050,1065,0.72
5017,5018,0,1065,1080,0.72
5017,5018,0,1095,1110,0.71
5017,11123,0,930,945,0.50
5017,11123,0,945,960,0.49
5017,11123,0,960,975,0.48
5017,11123,0,975,990,0.48
5017,11123,0,990,1005,0.48
5017,11123,0,1005,1020,0.50
5017,11123,0,1020,1035,0.50
5017,11123,0,1035,1050,0.48
5017,11123,0,1050,1065,0.49
5017,11123,0,1065,1080,0.47
5017,11123,0,1080,1095,0.48
5017,11123,0,1095,1110,0.50
5017,11123,0,1110,1125,0.50
5017,11124,0,930,945,0.63
5017,11124,0,975,990,0.62
5017,11124,0,1035,1050,0.62
5017,11124,0,1050,1065,0.62
5017,11146,0,930,945,1.64
5017,11146,0,945,960,5.27
5017,11146,0,960,975,6.20
5017,11146,0,975,990,6.21
5017,11146,0,990,1005,15.14
5017,11146,0,1005,1020,38.50
5017,11146,0,1020,1035,29.23
5017,11146,0,1035,1050,15.14
5017,11146,0,1050,1065,6.91
5017,11146,0,1065,1080,6.43
5017,11146,0,1080,1095,5.92
5017,11146,0,1095,1110,4.47
5017,11146,0,1110,1125,1.22
5018,1285,0,930,945,0.71
5018,1285,0,945,960,0.72
5018,1285,0,960,975,0.71
5018,1285,0,975,990,0.72
5018,1285,0,990,1005,0.70
5018,1285,0,1005,1020,0.71
5018,1285,0,1020,1035,0.72
5018,1285,0,1035,1050,0.71
5018,1285,0,1050,1065,0.72
5018,1285,0,1065,1080,0.71
5018,1285,0,1080,1095,0.72
5018,1285,0,1095,1110,0.70
5018,1285,0,1110,1125,0.70
5018,1289,0,930,945,0.79
5018,1289,0,945,960,0.80
5018,1289,0,960,975,0.78
5018,1289,0,975,990,0.79
5018,1289,0,990,1005,0.80
5018,1289,0,1005,1020,0.80
5018,1289,0,1020,1035,0.80
5018,1289,0,1035,1050,0.79
5018,1289,0,1050,1065,0.78
5018,1289,0,1065,1080,0.80
5018,1289,0,1080,1095,0.79
5018,1289,0,1095,1110,0.81
5018,1289,0,1110,1125,0.80
5018,5017,0,930,945,1.55
5018,5017,0,945,960,5.64
5018,5017,0,960,975,16.67
5018,5017,0,975,990,29.73
5018,5017,0,990,1005,66.80
5018,5017,0,1005,1020,59.41
5018,5017,0,1020,1035,48.52
5018,5017,0,1035,1050,34.51
5018,5017,0,1050,1065,22.32
5018,5017,0,1065,1080,16.82
5018,5017,0,1080,1095,12.64
5018,5017,0,1095,1110,8.89
5018,5017,0,1110,1125,3.44
5018,5436,0,930,945,0.72
5018,5436,0,945,960,0.73
5018,5436,0,960,975,0.72
5018,5436,0,975,990,0.74
5018,5436,0,990,1005,0.73
5018,5436,0,1005,1020,0.72
5018,5436,0,1050,1065,0.72
5018,5436,0,1065,1080,0.72
5018,5436,0,1080,1095,0.73
5022,4952,0,990,1005,0.96
5022,4952,0,1035,1050,0.95
5022,5524,0,930,945,0.37
5022,5524,0,945,960,0.38
5022,5524,0,960,975,0.38
5022,5524,0,975,990,0.39
5022,5524,0,990,1005,0.37
5022,5524,0,1005,1020,0.36
5022,5524,0,1020,1035,0.38
5022,5524,0,1035,1050,0.37
5022,5524,0,1050,1065,0.35
5022,5524,0,1065,1080,0.36
5022,11124,0,960,975,0.25
5022,11124,0,975,990,0.25
5022,11124,0,1020,1035,0.24
5022,11124,0,1035,1050,0.25
5022,11147,0,930,945,0.24
5022,11147,0,945,960,0.23
5027,5009,0,1005,1020,0.26
5027,11129,0,930,945,0.27
5027,11129,0,945,960,0.26
5027,11129,0,960,975,0.26
5027,11129,0,975,990,0.27
5027,11129,0,990,1005,0.26
5027,11129,0,1005,1020,0.25
5027,11129,0,1020,1035,0.25
5027,11129,0,1035,1050,0.25
5027,11129,0,1095,1110,0.25
5027,11150,0,945,960,0.50
5027,11150,0,960,975,0.51
5027,11150,0,975,990,0.50
5027,11150,0,990,1005,0.52
5027,11150,0,1005,1020,0.51
5027,11150,0,1020,1035,0.52
5027,11150,0,1035,1050,0.51
5030,4899,0,930,945,0.60
5030,4899,0,945,960,0.59
5030,4899,0,960,975,0.61
5030,4899,0,975,990,0.61
5030,4899,0,990,1005,0.62
5030,4899,0,1005,1020,0.60
5030,4899,0,1020,1035,0.60
5030,4899,0,1035,1050,0.61
5030,4899,0,1050,1065,0.60
5030,4899,0,1065,1080,0.59
5030,4899,0,1080,1095,0.61
5030,4899,0,1095,1110,0.61
5030,4899,0,1110,1125,0.60
5030,4958,0,930,945,0.29
5030,4958,0,945,960,0.30
5030,4958,0,960,975,0.29
5030,4958,0,1005,1020,0.30
5030,4958,0,1020,1035,0.29
5030,10872,0,975,990,0.27
5030,10872,0,1020,1035,0.27
5030,11128,0,960,975,0.30
5030,11128,0,975,990,0.29
5030,11128,0,1095,1110,0.29
5034,11129,0,930,945,0.44
5034,11129,0,945,960,0.44
5034,11129,0,960,975,0.45
5034,11129,0,975,990,0.44
5034,11129,0,990,1005,0.45
5034,11129,0,1005,1020,0.45
5034,11129,0,1020,1035,0.46
5034,11129,0,1035,1050,0.43
5037,11128,0,945,960,0.33
5037,11128,0,975,990,0.34
5037,11128,0,990,1005,0.33
5037,11128,0,1005,1020,0.33
5037,11128,0,1035,1050,0.33
5106,4804,0,945,960,0.57
5106,4804,0,960,975,0.56
5106,4804,0,1005,1020,0.55
5106,4804,0,1035,1050,0.55
5106,5117,0,945,960,1.90
5106,5117,0,960,975,1.98
5106,5117,0,975,990,1.93
5106,5117,0,990,1005,1.96
5106,5117,0,1005,1020,1.92
5106,5117,0,1020,1035,2.01
5106,5117,0,1035,1050,1.94
5109,4804,0,945,960,0.53
5109,4804,0,960,975,0.54
5109,4804,0,990,1005,0.53
5109,4804,0,1005,1020,0.53
5109,4804,0,1020,1035,0.53
5109,11150,0,930,945,0.20
5109,11150,0,960,975,0.20
5109,11150,0,975,990,0.21
5109,11150,0,1020,1035,0.20
5109,11150,0,1035,1050,0.20
5109,11151,0,930,945,0.49
5109,11151,0,945,960,0.48
5109,11151,0,960,975,0.51
5109,11151,0,990,1005,0.52
5109,11151,0,1005,1020,0.46
5109,11151,0,1020,1035,0.51
5109,11151,0,1035,1050,0.55
5109,11151,0,1065,1080,0.52
5109,11151,0,1080,1095,0.50
5109,11151,0,1095,1110,0.53
5109,11151,0,1110,1125,0.48
5112,5589,0,930,945,0.94
5112,5589,0,945,960,1.61
5112,5589,0,960,975,3.67
5112,5589,0,975,990,5.96
5112,5589,0,990,1005,6.43
5112,5589,0,1005,1020,6.86
5112,5589,0,1020,1035,7.66
5112,5589,0,1035,1050,6.68
5112,5589,0,1050,1065,3.99
5112,5589,0,1065,1080,3.90
5112,5589,0,1080,1095,2.49
5112,5589,0,1095,1110,0.45
5112,11159,0,930,945,0.42
5112,11159,0,945,960,0.40
5112,11159,0,960,975,0.41
5112,11159,0,975,990,0.42
5112,11159,0,990,1005,0.41
5112,11159,0,1005,1020,0.41
5112,11159,0,1020,1035,0.42
5112,11159,0,1035,1050,0.42
5112,11160,0,930,945,1.71
5112,11160,0,945,960,5.06
5112,11160,0,960,975,5.25
5112,11160,0,975,990,4.33
5112,11160,0,990,1005,3.88
5112,11160,0,1005,1020,2.28
5112,11160,0,1020,1035,2.07
5112,11160,0,1035,1050,0.83
5112,11160,0,1050,1065,1.29
5112,11160,0,1065,1080,2.05
5112,11160,0,1080,1095,1.10
5112,11172,0,930,945,0.40
5112,11172,0,945,960,0.39
5112,11172,0,960,975,0.41
5112,11172,0,975,990,0.39
5112,11172,0,1005,1020,0.40
5112,11172,0,1020,1035,0.42
5112,11172,0,1065,1080,0.39
5113,8002,0,930,945,0.60
5113,8002,0,945,960,0.60
5113,8002,0,960,975,0.62
5113,8002,0,975,990,0.63
5113,8002,0,990,1005,0.68
5113,8002,0,1005,1020,0.60
5113,8002,0,1020,1035,0.63
5113,8002,0,1035,1050,0.65
5113,8002,0,1050,1065,0.62
5113,8002,0,1065,1080,0.60
5113,8002,0,1080,1095,0.65
5113,8002,0,1095,1110,0.61
5113,8002,0,1110,1125,0.60
5113,11148,0,930,945,0.58
5113,11148,0,945,960,0.61
5113,11148,0,960,975,0.66
5113,11148,0,975,990,0.90
5113,11148,0,990,1005,1.08
5113,11148,0,1005,1020,1.21
5113,11148,0,1020,1035,1.12
5113,11148,0,1035,1050,1.52
5113,11148,0,1050,1065,1.49
5113,11148,0,1065,1080,1.28
5113,11148,0,1080,1095,0.90
5113,11148,0,1095,1110,0.50
5113,11160,0,930,945,0.38
5113,11160,0,945,960,0.76
5113,11160,0,960,975,1.09
5113,11160,0,975,990,5.42
5113,11160,0,990,1005,14.87
5113,11160,0,1005,1020,12.47
5113,11160,0,1020,1035,16.81
5113,11160,0,1035,1050,10.31
5113,11160,0,1050,1065,6.61
5113,11160,0,1065,1080,6.10
5113,11160,0,1080,1095,5.07
5113,11160,0,1095,1110,4.29
5113,11160,0,1110,1125,1.49
5113,11160,0,1125,1140,1.47
5114,5589,0,930,945,0.41
5114,5589,0,945,960,0.40
5114,5589,0,960,975,0.41
5114,5589,0,1035,1050,0.41
5114,5592,0,930,945,1.29
5114,5592,0,945,960,4.53
5114,5592,0,960,975,6.75
5114,5592,0,975,990,6.92
5114,5592,0,990,1005,7.27
5114,5592,0,1005,1020,7.48
5114,5592,0,1020,1035,8.16
5114,5592,0,1035,1050,7.50
5114,5592,0,1050,1065,6.14
5114,5592,0,1065,1080,6.09
5114,5592,0,1080,1095,6.09
5114,5592,0,1095,1110,5.39
5114,5592,0,1110,1125,1.03
5114,11161,0,930,945,0.44
5114,11161,0,945,960,0.43
5114,11161,0,990,1005,0.44
5114,11161,0,1035,1050,0.43
5114,11173,0,1005,1020,0.50
5114,11173,0,1020,1035,0.51
5117,11255,0,930,945,0.27
5117,11255,0,945,960,0.29
5117,11255,0,960,975,0.29
5117,11255,0,975,990,0.26
5117,11255,0,990,1005,0.28
5117,11255,0,1005,1020,0.31
5117,11255,0,1020,1035,0.26
5117,11255,0,1035,1050,0.27
5117,11255,0,1050,1065,0.26
5117,11255,0,1065,1080,0.24
5117,11255,0,1080,1095,0.25
5117,11255,0,1095,1110,0.25
5118,5727,0,975,990,0.23
5118,11255,0,945,960,0.39
5118,11255,0,960,975,0.37
5118,11255,0,990,1005,0.38
5118,11255,0,1005,1020,0.38
5118,11255,0,1035,1050,0.38
5118,11910,0,930,945,0.36
5118,11910,0,945,960,0.36
5118,11910,0,960,975,0.36
5118,11910,0,975,990,0.37
5118,11910,0,990,1005,0.35
5118,11910,0,1005,1020,0.37
5118,11910,0,1020,1035,0.36
5118,11910,0,1035,1050,0.36
5119,5727,0,930,945,0.15
5119,5727,0,945,960,0.16
5119,5727,0,960,975,0.16
5119,5727,0,975,990,0.15
5119,5727,0,990,1005,0.18
5119,5727,0,1005,1020,0.17
5119,5727,0,1020,1035,0.15
5119,5727,0,1035,1050,0.18
5174,1357,0,930,945,1.21
5174,1357,0,960,975,1.22
5174,1357,0,990,1005,1.22
5174,1357,0,1005,1020,1.23
5174,1357,0,1020,1035,1.22
5174,1357,0,1035,1050,1.22
5174,1357,0,1065,1080,1.21
5174,5868,0,930,945,0.34
5174,5868,0,1020,1035,0.33
5175,11257,0,1020,1035,0.54
5208,5209,0,930,945,0.68
5208,5209,0,945,960,0.66
5208,5209,0,960,975,0.68
5208,5209,0,975,990,0.71
5208,5209,0,990,1005,53.98
5208,5209,0,1005,1020,46.93
5208,5209,0,1020,1035,31.44
5208,5209,0,1035,1050,18.81
5208,5209,0,1050,1065,6.82
5208,5209,0,1065,1080,6.41
5208,5209,0,1080,1095,6.35
5208,5238,0,930,945,1.04
5208,5238,0,945,960,1.03
5208,5238,0,960,975,1.03
5208,5238,0,975,990,1.04
5208,5238,0,990,1005,1.03
5208,5238,0,1005,1020,1.04
5208,5238,0,1020,1035,1.05
5208,5238,0,1035,1050,1.07
5208,5238,0,1050,1065,1.03
5208,5238,0,1065,1080,1.02
5208,5238,0,1080,1095,1.02
5208,5238,0,1095,1110,1.02
5208,5238,0,1110,1125,1.03
5208,11261,0,930,945,0.38
5208,11261,0,945,960,0.39
5208,11261,0,960,975,0.37
5208,11261,0,975,990,0.37
5208,11261,0,990,1005,0.38
5208,11261,0,1005,1020,0.38
5208,11261,0,1020,1035,0.37
5208,11261,0,1050,1065,0.37
5208,11261,0,1065,1080,0.37
5208,11261,0,1080,1095,0.37
5208,11282,0,930,945,0.49
5208,11282,0,945,960,0.49
5208,11282,0,960,975,0.49
5208,11282,0,975,990,0.49
5208,11282,0,990,1005,0.48
5208,11282,0,1005,1020,0.48
5208,11282,0,1020,1035,0.48
5208,11282,0,1035,1050,0.47
5208,11282,0,1050,1065,0.50
5208,11282,0,1065,1080,0.50
5208,11282,0,1080,1095,0.50
5208,11282,0,1095,1110,0.50
5208,11282,0,1110,1125,0.50
5208,11282,0,1125,1140,0.50
5209,1351,0,930,945,0.76
5209,1351,0,945,960,0.75
5209,1351,0,960,975,0.75
5209,1351,0,975,990,0.76
5209,1351,0,990,1005,0.74
5209,1351,0,1005,1020,0.74
5209,1351,0,1020,1035,0.77
5209,1351,0,1035,1050,0.76
5209,1351,0,1050,1065,0.75
5209,1351,0,1065,1080,0.76
5209,1351,0,1080,1095,0.75
5209,1352,0,930,945,0.73
5209,1352,0,945,960,0.74
5209,1352,0,960,975,0.74
5209,1352,0,975,990,0.74
5209,1352,0,1020,1035,0.74
5209,5211,0,930,945,0.60
5209,5211,0,945,960,0.63
5209,5211,0,960,975,0.59
5209,5211,0,975,990,14.25
5209,5211,0,990,1005,38.48
5209,5211,0,1005,1020,34.62
5209,5211,0,1020,1035,27.41
5209,5211,0,1035,1050,16.30
5209,5211,0,1050,1065,6.25
5209,5211,0,1065,1080,5.55
5209,5211,0,1080,1095,4.95
5210,1348,0,930,945,0.75
5210,1348,0,945,960,0.76
5210,1348,0,960,975,0.76
5210,1348,0,975,990,0.77
5210,1348,0,990,1005,0.76
5210,1348,0,1005,1020,0.77
5210,1348,0,1020,1035,0.78
5210,1348,0,1035,1050,0.78
5210,1348,0,1050,1065,0.78
5210,1348,0,1065,1080,0.78
5210,1348,0,1080,1095,0.78
5210,1348,0,1095,1110,0.75
5210,1348,0,1110,1125,0.75
5210,1348,0,1125,1140,0.76
5210,1349,0,930,945,0.67
5210,1349,0,945,960,0.68
5210,1349,0,1020,1035,0.68
5210,1349,0,1050,1065,0.67
5210,1349,0,1065,1080,0.68
5210,5211,0,930,945,0.43
5210,11172,0,930,945,0.92
5210,11172,0,945,960,2.65
5210,11172,0,960,975,15.12
5210,11172,0,975,990,20.16
5210,11172,0,990,1005,21.24
5210,11172,0,1005,1020,18.56
5210,11172,0,1020,1035,22.49
5210,11172,0,1035,1050,13.87
5210,11172,0,1050,1065,9.33
5210,11172,0,1065,1080,8.32
5210,11172,0,1080,1095,7.57
5210,11172,0,1095,1110,7.33
5211,5209,0,945,960,0.55
5211,5209,0,975,990,0.55
5211,5209,0,1005,1020,0.56
5211,5210,0,945,960,0.42
5211,5210,0,960,975,1.93
5211,5210,0,975,990,15.18
5211,5210,0,990,1005,22.56
5211,5210,0,1005,1020,14.80
5211,5210,0,1020,1035,19.54
5211,5210,0,1035,1050,12.18
5211,5210,0,1050,1065,4.83
5211,5210,0,1065,1080,4.36
5211,5210,0,1080,1095,4.04
5211,11180,0,930,945,0.67
5211,11180,0,945,960,0.68
5211,11180,0,960,975,0.65
5211,11180,0,975,990,0.64
5211,11180,0,1020,1035,0.70
5211,11180,0,1050,1065,0.70
5211,11180,0,1065,1080,0.65
5211,11180,0,1080,1095,0.65
5211,11180,0,1095,1110,0.67
5211,11180,0,1110,1125,0.65
5211,11180,0,1125,1140,0.65
5211,11181,0,945,960,0.85
5214,11259,0,930,945,0.25
5214,11259,0,960,975,0.23
5214,11259,0,975,990,0.24
5214,11259,0,990,1005,0.24
5214,11259,0,1005,1020,0.23
5214,11259,0,1020,1035,0.23
5214,11261,0,960,975,0.49
5214,11261,0,1020,1035,17.71
5214,11261,0,1035,1050,20.58
5214,11261,0,1050,1065,13.35
5214,11281,0,930,945,0.93
5214,11281,0,945,960,0.95
5214,11281,0,960,975,0.94
5214,11281,0,975,990,0.94
5214,11281,0,990,1005,0.96
5214,11281,0,1005,1020,0.95
5214,11281,0,1020,1035,0.96
5214,11281,0,1035,1050,0.96
5214,11281,0,1050,1065,0.96
5214,11281,0,1065,1080,0.96
5214,11281,0,1080,1095,0.95
5214,11281,0,1095,1110,0.96
5214,11281,0,1110,1125,0.96
5214,11281,0,1125,1140,0.97
5216,5356,0,930,945,0.46
5216,5356,0,945,960,0.46
5216,5356,0,960,975,0.46
5216,5356,0,975,990,0.47
5216,5356,0,990,1005,0.47
5216,5356,0,1005,1020,0.44
5216,5356,0,1020,1035,0.45
5216,5356,0,1035,1050,0.45
5216,5356,0,1050,1065,0.45
5216,5356,0,1065,1080,0.45
5216,5356,0,1080,1095,0.45
5216,5356,0,1110,1125,0.45
5216,5356,0,1125,1140,0.47
5216,5868,0,975,990,0.88
5216,10847,0,930,945,0.33
5216,10847,0,945,960,0.34
5216,10847,0,975,990,0.30
5216,10847,0,990,1005,0.29
5216,10847,0,1005,1020,0.30
5216,10847,0,1020,1035,0.33
5216,10847,0,1050,1065,0.33
5216,10847,0,1080,1095,0.33
5216,10847,0,1110,1125,0.30
5216,10847,0,1125,1140,0.27
5216,11507,0,930,945,0.60
5216,11507,0,945,960,0.61
5216,11507,0,960,975,0.64
5216,11507,0,975,990,0.67
5216,11507,0,990,1005,0.63
5216,11507,0,1005,1020,0.62
5216,11507,0,1020,1035,0.75
5216,11507,0,1035,1050,0.66
5219,1349,0,945,960,0.83
5219,1349,0,960,975,0.83
5219,1349,0,975,990,0.83
5219,1349,0,990,1005,0.83
5219,1349,0,1005,1020,0.80
5219,1349,0,1020,1035,0.83
5219,1355,0,930,945,0.72
5219,1355,0,960,975,0.72
5219,1355,0,975,990,0.73
5219,1355,0,990,1005,0.72
5219,1355,0,1005,1020,0.69
5219,1355,0,1035,1050,0.72
5219,1355,0,1050,1065,0.73
5219,1355,0,1065,1080,0.72
5219,1355,0,1080,1095,0.72
5219,1355,0,1095,1110,0.72
5219,1355,0,1110,1125,0.68
5219,11173,0,960,975,1.11
5219,11173,0,975,990,1.10
5219,11173,0,990,1005,1.11
5219,11173,0,1005,1020,1.10
5219,11173,0,1020,1035,1.11
5219,11173,0,1035,1050,1.11
5232,6256,0,1005,1020,0.65
5232,11183,0,975,990,0.64
5238,5208,0,930,945,1.05
5238,5208,0,945,960,1.08
5238,5208,0,960,975,1.09
5238,5208,0,975,990,1.06
5238,5208,0,990,1005,14.66
5238,5208,0,1005,1020,48.82
5238,5208,0,1020,1035,44.19
5238,5208,0,1035,1050,38.83
5240,1296,0,930,945,0.63
5240,1296,0,960,975,0.62
5240,1296,0,975,990,0.61
5240,1296,0,990,1005,0.60
5240,1296,0,1035,1050,0.64
5240,1296,0,1050,1065,0.63
5240,1296,0,1095,1110,0.64
5240,1296,0,1110,1125,0.64
5356,5216,0,930,945,0.45
5356,5216,0,945,960,0.46
5356,5216,0,960,975,0.48
5356,5216,0,975,990,0.45
5356,5216,0,990,1005,0.48
5356,5216,0,1005,1020,0.47
5356,5216,0,1020,1035,0.45
5356,5216,0,1035,1050,0.44
5436,5018,0,930,945,0.77
5436,5018,0,945,960,0.81
5436,5018,0,960,975,3.37
5436,5018,0,975,990,59.89
5436,5018,0,990,1005,97.59
5436,5018,0,1005,1020,84.16
5436,5018,0,1020,1035,70.91
5436,5018,0,1035,1050,55.94
5436,5018,0,1050,1065,40.74
5436,5018,0,1065,1080,29.75
5436,5018,0,1080,1095,17.34
5436,5018,0,1095,1110,9.00
5436,5018,0,1110,1125,4.15
5436,5577,0,930,945,0.33
5436,5577,0,960,975,0.34
5436,5577,0,975,990,0.33
5436,5577,0,1050,1065,0.34
5436,5577,0,1065,1080,0.34
5436,5577,0,1080,1095,0.36
5436,5577,0,1095,1110,0.33
5436,5578,0,930,945,0.73
5436,5578,0,945,960,0.74
5436,5578,0,960,975,0.73
5436,5578,0,975,990,0.74
5436,5578,0,990,1005,0.72
5436,5578,0,1005,1020,0.71
5436,5578,0,1020,1035,0.71
5436,5578,0,1035,1050,0.71
5436,5578,0,1050,1065,0.72
5436,5578,0,1065,1080,0.71
5436,5578,0,1080,1095,0.71
5436,5578,0,1095,1110,0.73
5436,5578,0,1110,1125,0.70
5436,11125,0,930,945,0.46
5436,11125,0,960,975,0.45
5436,11125,0,975,990,0.44
5436,11125,0,990,1005,0.44
5436,11125,0,1005,1020,0.43
5436,11125,0,1065,1080,0.43
5436,11125,0,1080,1095,0.44
5436,11125,0,1095,1110,0.43
5440,11125,0,1005,1020,35.71
5440,11125,0,1020,1035,71.73
5440,11125,0,1035,1050,62.93
5440,11125,0,1050,1065,50.20
5440,11125,0,1065,1080,35.98
5440,11127,0,945,960,0.41
5440,11127,0,975,990,0.41
5440,11127,0,990,1005,0.41
5440,11127,0,1095,1110,0.42
5440,11827,0,930,945,0.40
5440,11827,0,945,960,0.39
5440,11827,0,960,975,0.38
5440,11827,0,975,990,0.39
5440,11827,0,990,1005,0.40
5440,11827,0,1005,1020,0.37
5440,11827,0,1020,1035,0.39
5440,11827,0,1035,1050,0.38
5440,11827,0,1050,1065,0.38
5440,11827,0,1065,1080,0.37
5440,11827,0,1080,1095,0.38
5440,11827,0,1095,1110,0.37
5440,11827,0,1110,1125,0.37
5524,5022,0,945,960,0.35
5524,5863,0,945,960,0.79
5524,5863,0,960,975,0.79
5524,5863,0,990,1005,0.79
5577,5436,0,930,945,0.38
5577,5436,0,945,960,0.40
5577,5436,0,960,975,0.41
5577,5436,0,975,990,0.37
5577,5436,0,990,1005,22.67
5577,5436,0,1005,1020,74.45
5577,5436,0,1020,1035,79.74
5577,5436,0,1035,1050,71.88
5578,5436,0,930,945,0.71
5578,5436,0,945,960,0.69
5578,5436,0,960,975,0.71
5578,5436,0,975,990,0.69
5578,5436,0,990,1005,48.63
5578,5436,0,1005,1020,87.78
5578,5436,0,1020,1035,80.69
5578,5436,0,1035,1050,70.97
5587,5174,0,1020,1035,0.50
5587,10857,0,945,960,0.46
5587,11259,0,945,960,0.70
5588,1357,0,945,960,1.45
5588,1357,0,960,975,1.46
5588,1357,0,975,990,1.45
5588,1357,0,990,1005,1.44
5588,1357,0,1005,1020,1.46
5588,1357,0,1020,1035,1.45
5588,1357,0,1035,1050,1.44
5588,1357,0,1050,1065,1.45
5588,1357,0,1065,1080,1.45
5588,1357,0,1080,1095,1.44
5588,1357,0,1095,1110,1.44
5588,1357,0,1110,1125,1.44
5588,1357,0,1125,1140,1.45
5588,5215,0,945,960,0.32
5588,5215,0,975,990,0.31
5588,5215,0,1035,1050,0.32
5589,1322,0,930,945,0.70
5589,1322,0,945,960,0.66
5589,1322,0,960,975,0.70
5589,1322,0,975,990,0.68
5589,1322,0,990,1005,0.68
5589,1322,0,1005,1020,0.68
5589,1322,0,1020,1035,0.70
5589,1322,0,1035,1050,0.71
5589,1322,0,1050,1065,0.67
5589,1353,0,930,945,0.76
5589,1353,0,945,960,0.77
5589,1353,0,960,975,0.76
5589,1353,0,975,990,0.80
5589,1353,0,990,1005,0.76
5589,1353,0,1005,1020,0.76
5589,1353,0,1035,1050,0.76
5589,5112,0,945,960,0.76
5589,5112,0,960,975,0.54
5589,5114,0,930,945,0.96
5589,5114,0,945,960,2.46
5589,5114,0,960,975,4.98
5589,5114,0,975,990,5.23
5589,5114,0,990,1005,5.55
5589,5114,0,1005,1020,5.90
5589,5114,0,1020,1035,6.51
5589,5114,0,1035,1050,6.24
5589,5114,0,1050,1065,4.14
5589,5114,0,1065,1080,4.04
5589,5114,0,1080,1095,4.06
5589,5114,0,1095,1110,2.42
5592,1323,0,930,945,0.82
5592,1323,0,945,960,0.81
5592,1323,0,960,975,0.80
5592,1323,0,1005,1020,0.81
5592,1323,0,1020,1035,0.81
5592,1323,0,1035,1050,0.82
5592,1323,0,1050,1065,0.81
5592,1354,0,930,945,1.00
5592,1354,0,960,975,1.00
5592,1354,0,990,1005,1.00
5592,1354,0,1020,1035,1.02
5592,1354,0,1035,1050,1.00
5727,5118,0,930,945,0.22
5727,5118,0,945,960,0.22
5727,5118,0,1020,1035,0.22
5727,5119,0,930,945,0.13
5727,5119,0,945,960,0.13
5727,5119,0,960,975,0.13
5727,5119,0,975,990,0.12
5727,5119,0,990,1005,0.13
5727,5119,0,1005,1020,0.13
5727,5119,0,1020,1035,0.13
5727,5119,0,1035,1050,0.13
5727,5119,0,1125,1140,0.14
5728,1361,0,930,945,0.69
5728,1361,0,945,960,0.71
5728,1361,0,960,975,0.71
5728,1361,0,975,990,0.70
5728,1361,0,990,1005,0.69
5728,1361,0,1005,1020,0.71
5728,1361,0,1020,1035,0.70
5728,1361,0,1035,1050,0.71
5728,1361,0,1050,1065,0.71
5728,1361,0,1065,1080,0.71
5728,1361,0,1080,1095,0.70
5728,1361,0,1095,1110,0.72
5728,1361,0,1110,1125,0.70
5728,1361,0,1125,1140,0.66
5729,5929,0,930,945,0.53
5729,5929,0,945,960,0.52
5729,5929,0,960,975,0.52
5729,5929,0,975,990,0.53
5729,5929,0,990,1005,0.52
5729,5929,0,1005,1020,0.53
5729,5929,0,1020,1035,0.53
5729,5929,0,1035,1050,0.53
5729,5929,0,1050,1065,0.53
5729,5929,0,1065,1080,0.53
5729,5929,0,1080,1095,0.51
5729,5929,0,1095,1110,0.53
5729,5929,0,1110,1125,0.53
5736,8116,0,930,945,0.82
5736,8116,0,945,960,0.78
5736,8116,0,960,975,0.81
5736,8116,0,975,990,0.80
5736,8116,0,990,1005,0.79
5736,8116,0,1005,1020,0.78
5736,8116,0,1020,1035,0.78
5736,8116,0,1035,1050,0.80
5736,8116,0,1050,1065,0.82
5736,8116,0,1065,1080,0.79
5736,8116,0,1080,1095,0.82
5736,8116,0,1095,1110,0.80
5736,8116,0,1110,1125,0.80
5736,11146,0,930,945,0.44
5736,11146,0,945,960,0.46
5736,11146,0,960,975,0.67
5736,11146,0,975,990,0.74
5736,11146,0,990,1005,0.71
5736,11146,0,1005,1020,0.45
5736,11146,0,1020,1035,0.41
5736,11146,0,1035,1050,0.43
5736,11146,0,1050,1065,0.42
5736,11146,0,1065,1080,0.44
5736,11146,0,1080,1095,0.42
5736,11148,0,930,945,0.33
5736,11148,0,945,960,0.55
5736,11148,0,960,975,0.93
5736,11148,0,975,990,1.00
5736,11148,0,990,1005,8.15
5736,11148,0,1005,1020,18.95
5736,11148,0,1020,1035,24.36
5736,11148,0,1035,1050,11.68
5736,11148,0,1050,1065,6.52
5736,11148,0,1065,1080,6.13
5736,11148,0,1080,1095,5.54
5736,11148,0,1095,1110,4.60
5736,11148,0,1110,1125,1.54
5820,1320,0,930,945,1.03
5820,1320,0,945,960,1.03
5820,1320,0,960,975,1.01
5820,1320,0,975,990,1.04
5820,1320,0,990,1005,1.02
5820,1320,0,1005,1020,1.01
5820,1320,0,1020,1035,1.07
5820,1320,0,1035,1050,1.03
5820,11147,0,930,945,0.58
5820,11147,0,945,960,0.58
5820,11147,0,960,975,0.59
5820,11147,0,1005,1020,0.58
5820,11147,0,1035,1050,0.58
5868,5174,0,975,990,0.35
5868,5216,0,945,960,0.88
5868,5216,0,960,975,0.89
5868,5216,0,975,990,0.88
5868,5216,0,990,1005,0.89
5868,5216,0,1005,1020,0.88
5868,5216,0,1020,1035,0.89
5868,5216,0,1035,1050,0.89
5868,6253,0,930,945,0.88
5868,6253,0,945,960,0.83
5868,6253,0,960,975,0.84
5868,6253,0,975,990,0.84
5868,6253,0,990,1005,0.84
5868,6253,0,1005,1020,0.83
5868,6253,0,1020,1035,0.86
5868,6253,0,1035,1050,0.88
5868,6253,0,1050,1065,0.82
5868,6253,0,1065,1080,0.84
5868,6253,0,1080,1095,0.83
5868,6253,0,1095,1110,0.79
5868,6253,0,1110,1125,0.80
5868,6253,0,1125,1140,0.80
6253,5868,0,930,945,0.81
6253,5868,0,945,960,0.83
6253,5868,0,960,975,0.84
6253,5868,0,975,990,0.86
6253,5868,0,990,1005,0.83
6253,5868,0,1005,1020,0.82
6253,5868,0,1020,1035,0.85
6253,5868,0,1035,1050,0.81
6255,1356,0,945,960,0.80
6255,1356,0,975,990,0.79
6255,1356,0,990,1005,0.77
6255,1356,0,1050,1065,0.76
6255,10857,0,960,975,0.59
6255,10857,0,975,990,0.63
6256,1352,0,930,945,0.76
6256,1352,0,945,960,0.77
6256,1352,0,960,975,0.77
6256,1352,0,975,990,0.75
6256,1352,0,990,1005,0.76
6256,1352,0,1005,1020,0.77
6256,1352,0,1020,1035,0.77
6256,1352,0,1035,1050,0.76
6256,1352,0,1050,1065,0.78
6256,1356,0,930,945,0.83
6256,1356,0,945,960,0.83
6256,1356,0,960,975,0.80
6256,1356,0,975,990,0.81
6256,1356,0,990,1005,0.83
6256,1356,0,1005,1020,0.81
6256,1356,0,1020,1035,0.82
6256,1356,0,1035,1050,0.80
6256,1356,0,1050,1065,0.84
6256,1356,0,1065,1080,0.84
6256,1356,0,1080,1095,0.85
6256,1356,0,1095,1110,0.84
6256,1356,0,1110,1125,0.84
6256,1356,0,1125,1140,0.85
6256,5232,0,960,975,0.66
8002,5113,0,930,945,0.59
8002,5113,0,945,960,0.61
8002,5113,0,960,975,0.62
8002,5113,0,975,990,0.59
8002,5113,0,990,1005,0.73
8002,5113,0,1005,1020,0.88
8002,5113,0,1020,1035,0.73
8002,5113,0,1035,1050,0.98
8116,5736,0,930,945,0.83
8116,5736,0,945,960,0.79
8116,5736,0,960,975,0.84
8116,5736,0,975,990,0.79
8116,5736,0,990,1005,0.88
8116,5736,0,1005,1020,1.33
8116,5736,0,1020,1035,2.07
8116,5736,0,1035,1050,1.83
8172,11489,0,960,975,0.27
10847,5216,0,990,1005,0.29
10853,1325,0,930,945,0.62
10853,1325,0,945,960,0.62
10853,1325,0,960,975,0.63
10853,1325,0,975,990,0.63
10853,1325,0,990,1005,0.63
10853,1325,0,1005,1020,0.63
10853,1325,0,1020,1035,0.63
10853,1325,0,1035,1050,0.64
10853,1325,0,1050,1065,0.64
10853,1325,0,1065,1080,0.65
10853,1325,0,1080,1095,0.65
10853,1325,0,1095,1110,0.65
10853,1325,0,1110,1125,0.63
10857,5587,0,1020,1035,0.44
10857,6255,0,945,960,0.70
10857,6255,0,990,1005,0.60
10872,5861,0,945,960,0.22
11123,5017,0,930,945,0.49
11123,5017,0,945,960,0.59
11123,5017,0,960,975,0.76
11123,5017,0,975,990,0.71
11123,5017,0,990,1005,1.05
11123,5017,0,1005,1020,37.85
11123,5017,0,1020,1035,41.48
11123,5017,0,1035,1050,37.42
11124,5017,0,945,960,0.66
11124,5017,0,960,975,0.69
11124,5017,0,975,990,0.67
11124,5017,0,990,1005,0.74
11124,5017,0,1005,1020,8.57
11124,5017,0,1020,1035,18.27
11124,5017,0,1035,1050,15.65
11124,5017,0,1050,1065,11.47
11124,5022,0,930,945,0.25
11124,5022,0,945,960,0.25
11124,5022,0,960,975,0.25
11124,5022,0,975,990,0.25
11124,5022,0,1005,1020,0.25
11124,5022,0,1020,1035,0.25
11124,5022,0,1035,1050,0.24
11124,5022,0,1050,1065,0.27
11124,5022,0,1065,1080,0.25
11124,5022,0,1080,1095,0.25
11124,5022,0,1095,1110,0.24
11125,1286,0,930,945,1.38
11125,1286,0,945,960,1.37
11125,1286,0,960,975,1.37
11125,1286,0,975,990,1.37
11125,1286,0,990,1005,1.37
11125,1286,0,1005,1020,1.37
11125,1286,0,1020,1035,1.36
11125,1286,0,1035,1050,1.38
11125,1286,0,1050,1065,1.38
11125,1286,0,1065,1080,1.36
11125,1286,0,1080,1095,1.37
11125,1286,0,1095,1110,1.39
11125,1286,0,1110,1125,1.38
11125,1289,0,930,945,1.51
11125,1289,0,945,960,1.52
11125,1289,0,1095,1110,1.50
11125,1289,0,1110,1125,1.50
11125,5436,0,930,945,0.44
11125,5436,0,945,960,0.43
11125,5436,0,960,975,0.45
11125,5436,0,975,990,0.44
11125,5436,0,990,1005,71.48
11125,5436,0,1005,1020,90.96
11125,5436,0,1020,1035,73.15
11125,5436,0,1035,1050,59.13
11125,5436,0,1050,1065,45.12
11125,5436,0,1065,1080,31.28
11125,5436,0,1080,1095,11.78
11125,5436,0,1095,1110,6.88
11125,5436,0,1110,1125,3.11
11125,5440,0,930,945,0.44
11125,5440,0,945,960,0.43
11125,5440,0,960,975,0.43
11125,5440,0,975,990,0.43
11125,5440,0,990,1005,0.44
11125,5440,0,1095,1110,0.44
11126,5441,0,945,960,0.16
11126,5441,0,960,975,0.16
11127,5440,0,1035,1050,5.83
11127,5440,0,1050,1065,23.61
11127,11126,0,930,945,0.55
11127,11126,0,945,960,0.54
11127,11126,0,960,975,0.56
11127,11126,0,990,1005,0.54
11128,5030,0,960,975,0.29
11128,5037,0,930,945,0.36
11128,5037,0,945,960,0.35
11128,5037,0,960,975,0.34
11128,5037,0,975,990,0.35
11128,5037,0,990,1005,0.35
11128,5037,0,1005,1020,0.34
11128,5037,0,1020,1035,0.36
11128,5037,0,1035,1050,0.36
11128,5037,0,1050,1065,0.35
11128,5037,0,1065,1080,0.36
11128,5037,0,1080,1095,0.36
11128,5037,0,1095,1110,0.34
11128,5037,0,1110,1125,0.33
11129,1299,0,930,945,1.08
11129,1299,0,945,960,1.07
11129,1299,0,960,975,1.09
11129,1299,0,975,990,1.08
11129,1299,0,990,1005,1.08
11129,1299,0,1005,1020,1.06
11129,1299,0,1020,1035,1.07
11129,1299,0,1035,1050,1.05
11129,1299,0,1050,1065,1.05
11129,1299,0,1065,1080,1.08
11129,1299,0,1080,1095,1.07
11129,5027,0,945,960,0.25
11129,5027,0,960,975,0.25
11129,5027,0,975,990,0.25
11129,5027,0,1005,1020,0.26
11129,5027,0,1020,1035,0.25
11129,5034,0,930,945,0.49
11129,5034,0,945,960,0.48
11129,5034,0,960,975,0.47
11129,5034,0,975,990,0.48
11129,5034,0,990,1005,0.47
11129,5034,0,1005,1020,0.46
11129,5034,0,1020,1035,0.46
11129,5034,0,1035,1050,0.48
11129,5034,0,1050,1065,0.46
11129,5034,0,1065,1080,0.47
11129,5034,0,1080,1095,0.47
11129,5034,0,1095,1110,0.47
11129,5034,0,1110,1125,0.46
11146,1314,0,930,945,0.82
11146,1314,0,945,960,0.82
11146,1314,0,960,975,0.81
11146,1314,0,975,990,0.80
11146,1314,0,990,1005,0.80
11146,1314,0,1005,1020,0.84
11146,1314,0,1020,1035,0.84
11146,1314,0,1035,1050,0.83
11146,1314,0,1050,1065,0.82
11146,1314,0,1065,1080,0.83
11146,1314,0,1080,1095,0.81
11146,1314,0,1095,1110,0.83
11146,1314,0,1110,1125,0.80
11146,5017,0,930,945,0.37
11146,5017,0,945,960,0.47
11146,5017,0,960,975,0.39
11146,5017,0,975,990,0.46
11146,5017,0,990,1005,0.51
11146,5017,0,1005,1020,0.51
11146,5017,0,1020,1035,0.49
11146,5017,0,1035,1050,0.48
11146,5017,0,1050,1065,0.38
11146,5017,0,1065,1080,0.37
11146,5017,0,1080,1095,0.37
11146,5736,0,930,945,0.71
11146,5736,0,945,960,1.66
11146,5736,0,960,975,2.55
11146,5736,0,975,990,3.72
11146,5736,0,990,1005,9.60
11146,5736,0,1005,1020,27.98
11146,5736,0,1020,1035,26.53
11146,5736,0,1035,1050,12.65
11146,5736,0,1050,1065,6.87
11146,5736,0,1065,1080,6.43
11146,5736,0,1080,1095,5.84
11146,5736,0,1095,1110,4.85
11146,5736,0,1110,1125,1.63
11147,5022,0,945,960,0.24
11147,5022,0,960,975,0.24
11147,5022,0,990,1005,0.24
11148,1316,0,930,945,0.79
11148,1316,0,945,960,0.80
11148,1316,0,960,975,0.80
11148,1316,0,975,990,0.80
11148,1316,0,990,1005,0.80
11148,1316,0,1005,1020,0.80
11148,1316,0,1020,1035,0.80
11148,1316,0,1035,1050,0.80
11148,1316,0,1050,1065,0.80
11148,1316,0,1065,1080,0.80
11148,1316,0,1080,1095,0.80
11148,1316,0,1095,1110,0.81
11148,1316,0,1110,1125,0.80
11148,1320,0,930,945,0.76
11148,1320,0,945,960,0.78
11148,1320,0,960,975,0.80
11148,1320,0,975,990,0.80
11148,1320,0,990,1005,0.80
11148,1320,0,1005,1020,0.80
11148,1320,0,1020,1035,0.80
11148,1320,0,1035,1050,0.80
11148,1320,0,1050,1065,0.80
11148,1320,0,1065,1080,0.80
11148,1320,0,1080,1095,0.79
11148,1320,0,1095,1110,0.77
11148,1320,0,1110,1125,0.80
11148,1320,0,1125,1140,0.80
11148,5113,0,930,945,0.75
11148,5113,0,945,960,1.64
11148,5113,0,960,975,2.54
11148,5113,0,975,990,5.28
11148,5113,0,990,1005,20.37
11148,5113,0,1005,1020,23.90
11148,5113,0,1020,1035,24.97
11148,5113,0,1035,1050,14.27
11148,5113,0,1050,1065,10.34
11148,5113,0,1065,1080,9.55
11148,5113,0,1080,1095,8.42
11148,5113,0,1095,1110,6.63
11148,5113,0,1110,1125,2.35
11148,5113,0,1125,1140,2.04
11148,5736,0,930,945,0.43
11148,5736,0,945,960,0.39
11148,5736,0,960,975,0.53
11148,5736,0,975,990,0.61
11148,5736,0,990,1005,0.42
11148,5736,0,1005,1020,0.33
11148,5736,0,1020,1035,0.44
11148,5736,0,1035,1050,0.43
11148,5736,0,1050,1065,0.36
11148,5736,0,1065,1080,0.34
11148,5736,0,1080,1095,0.34
11150,5027,0,1020,1035,0.50
11150,5109,0,975,990,0.21
11151,5109,0,930,945,0.51
11151,5109,0,945,960,0.53
11151,5109,0,960,975,0.51
11151,5109,0,975,990,0.51
11151,5109,0,990,1005,0.55
11151,5109,0,1005,1020,0.51
11151,5109,0,1020,1035,0.54
11151,5109,0,1035,1050,0.52
11159,5112,0,930,945,0.56
11159,5112,0,945,960,2.10
11159,5112,0,960,975,7.36
11159,5112,0,975,990,12.60
11159,5112,0,990,1005,19.22
11159,5112,0,1005,1020,27.96
11159,5112,0,1020,1035,32.25
11159,5112,0,1035,1050,31.56
11160,1318,0,930,945,0.70
11160,1318,0,945,960,0.70
11160,1318,0,960,975,0.70
11160,1318,0,975,990,0.70
11160,1318,0,990,1005,0.70
11160,1318,0,1005,1020,0.70
11160,1318,0,1020,1035,0.70
11160,1318,0,1035,1050,0.70
11160,1318,0,1050,1065,0.70
11160,1318,0,1065,1080,0.70
11160,1318,0,1080,1095,0.70
11160,1318,0,1095,1110,0.70
11160,1318,0,1110,1125,0.70
11160,1318,0,1125,1140,0.70
11160,5112,0,930,945,0.51
11160,5112,0,945,960,0.40
11160,5112,0,960,975,0.99
11160,5112,0,975,990,9.59
11160,5112,0,990,1005,12.66
11160,5112,0,1005,1020,11.41
11160,5112,0,1020,1035,14.95
11160,5112,0,1035,1050,10.20
11160,5112,0,1050,1065,6.62
11160,5112,0,1065,1080,6.15
11160,5112,0,1080,1095,4.55
11160,5112,0,1095,1110,3.32
11160,5112,0,1110,1125,0.75
11160,5113,0,930,945,0.56
11160,5113,0,945,960,1.41
11160,5113,0,960,975,1.88
11160,5113,0,975,990,2.20
11160,5113,0,990,1005,2.81
11160,5113,0,1005,1020,3.22
11160,5113,0,1020,1035,3.79
11160,5113,0,1035,1050,3.17
11160,5113,0,1050,1065,1.64
11160,5113,0,1065,1080,0.81
11160,5113,0,1080,1095,0.38
11161,1322,0,1005,1020,0.83
11161,5103,0,945,960,0.52
11161,5103,0,975,990,0.52
11161,5103,0,990,1005,0.53
11161,5103,0,1005,1020,0.52
11161,5103,0,1035,1050,0.52
11161,5114,0,960,975,0.45
11161,5114,0,975,990,0.44
11161,5114,0,990,1005,0.48
11161,5114,0,1005,1020,0.48
11161,5114,0,1020,1035,0.52
11161,5114,0,1035,1050,0.59
11172,1346,0,975,990,0.73
11172,1346,0,990,1005,0.73
11172,1346,0,1035,1050,0.76
11172,1353,0,930,945,0.71
11172,1353,0,945,960,0.71
11172,1353,0,960,975,0.71
11172,1353,0,975,990,0.71
11172,1353,0,990,1005,0.72
11172,1353,0,1005,1020,0.71
11172,1353,0,1020,1035,0.70
11172,1353,0,1035,1050,0.71
11172,1353,0,1050,1065,0.71
11172,1353,0,1065,1080,0.71
11172,1353,0,1080,1095,0.70
11172,1353,0,1095,1110,0.71
11172,1353,0,1110,1125,0.72
11172,1353,0,1125,1140,0.72
11172,5112,0,930,945,0.68
11172,5112,0,945,960,3.76
11172,5112,0,960,975,6.81
11172,5112,0,975,990,6.55
11172,5112,0,990,1005,8.16
11172,5112,0,1005,1020,6.81
11172,5112,0,1020,1035,8.09
11172,5112,0,1035,1050,7.28
11172,5112,0,1050,1065,4.83
11172,5112,0,1065,1080,4.31
11172,5112,0,1080,1095,3.66
11172,5112,0,1095,1110,3.09
11172,5210,0,945,960,0.78
11172,5210,0,960,975,0.78
11172,5210,0,1005,1020,0.78
11172,5210,0,1035,1050,0.78
11173,1353,0,960,975,0.77
11173,1353,0,975,990,0.79
11173,1353,0,1020,1035,0.79
11173,1353,0,1035,1050,0.78
11173,1354,0,930,945,1.18
11173,1354,0,945,960,1.19
11173,1354,0,960,975,1.19
11173,1354,0,975,990,1.18
11173,1354,0,1020,1035,1.20
11173,1354,0,1065,1080,1.21
11173,1354,0,1110,1125,1.16
11173,5114,0,960,975,0.53
11173,5114,0,990,1005,0.52
11173,5114,0,1005,1020,0.58
11173,5114,0,1020,1035,0.59
11173,5114,0,1035,1050,0.58
11180,5211,0,945,960,0.64
11180,5211,0,975,990,0.67
11180,5211,0,990,1005,1.07
11180,5211,0,1005,1020,2.82
11180,5211,0,1020,1035,0.96
11180,5211,0,1035,1050,3.65
11181,1349,0,945,960,0.94
11181,1349,0,960,975,0.90
11181,1349,0,1005,1020,0.91
11181,1349,0,1035,1050,0.90
11181,1352,0,945,960,1.17
11181,1352,0,990,1005,1.15
11181,5211,0,975,990,1.03
11181,5211,0,990,1005,1.66
11181,5211,0,1005,1020,2.12
11181,5211,0,1020,1035,1.13
11181,5211,0,1035,1050,2.80
11181,11182,0,960,975,0.14
11181,11182,0,1005,1020,0.14
11182,5232,0,930,945,0.11
11182,5232,0,990,1005,0.12
11182,11181,0,1020,1035,0.14
11183,1356,0,930,945,1.09
11183,1356,0,945,960,1.09
11183,1356,0,960,975,1.13
11183,1356,0,975,990,1.09
11183,1356,0,990,1005,1.10
11183,1356,0,1020,1035,1.09
11183,1356,0,1035,1050,1.09
11183,5215,0,930,945,0.44
11183,5215,0,960,975,0.42
11183,5215,0,1035,1050,0.42
11183,5232,0,1020,1035,0.65
11255,5117,0,930,945,0.25
11255,5117,0,945,960,0.25
11255,5117,0,960,975,0.25
11255,5117,0,975,990,0.34
11255,5117,0,990,1005,0.26
11255,5117,0,1005,1020,0.28
11255,5117,0,1020,1035,0.25
11255,5117,0,1035,1050,0.41
11255,5118,0,930,945,0.40
11255,5118,0,945,960,0.40
11255,5118,0,960,975,0.39
11255,5118,0,975,990,0.39
11255,5118,0,990,1005,0.39
11255,5118,0,1005,1020,0.39
11255,5118,0,1020,1035,0.39
11255,5118,0,1035,1050,0.39
11255,5118,0,1050,1065,0.38
11255,5118,0,1065,1080,0.38
11255,5118,0,1080,1095,0.38
11255,5118,0,1095,1110,0.37
11257,1404,0,930,945,0.56
11257,1404,0,945,960,0.58
11257,1404,0,960,975,0.55
11257,1404,0,975,990,0.56
11257,1404,0,990,1005,0.56
11257,1404,0,1005,1020,0.56
11257,1404,0,1020,1035,0.57
11257,1404,0,1035,1050,0.56
11257,1404,0,1050,1065,0.56
11257,1404,0,1065,1080,0.57
11257,1404,0,1080,1095,0.57
11257,1404,0,1095,1110,0.57
11257,1404,0,1110,1125,0.55
11259,1356,0,960,975,1.13
11259,1356,0,975,990,1.11
11259,1356,0,990,1005,1.12
11259,1356,0,1005,1020,1.14
11259,1356,0,1050,1065,1.15
11259,1356,0,1065,1080,1.13
11259,1356,0,1080,1095,1.11
11259,5587,0,930,945,0.70
11259,5587,0,960,975,0.69
11259,5587,0,975,990,0.69
11259,5587,0,990,1005,0.70
11259,5587,0,1035,1050,0.70
11261,1397,0,930,945,1.77
11261,1397,0,945,960,1.77
11261,1397,0,960,975,1.77
11261,1397,0,975,990,1.76
11261,1397,0,990,1005,1.77
11261,1397,0,1005,1020,1.76
11261,1397,0,1020,1035,1.78
11261,1397,0,1050,1065,1.77
11261,1397,0,1065,1080,1.77
11261,5208,0,945,960,0.37
11261,5208,0,960,975,0.37
11261,5208,0,975,990,0.37
11261,5208,0,990,1005,19.63
11261,5208,0,1005,1020,45.30
11261,5208,0,1020,1035,37.94
11261,5208,0,1035,1050,22.48
11261,5208,0,1050,1065,10.27
11261,5214,0,930,945,0.49
11261,5214,0,945,960,0.49
11261,5214,0,975,990,0.49
11261,5214,0,990,1005,0.49
11281,5214,0,930,945,1.02
11281,5214,0,945,960,1.01
11281,5214,0,960,975,1.06
11281,5214,0,975,990,0.99
11281,5214,0,990,1005,1.04
11281,5214,0,1005,1020,1.04
11281,5214,0,1020,1035,0.99
11281,5214,0,1035,1050,1.03
11282,5208,0,930,945,0.53
11282,5208,0,945,960,0.52
11282,5208,0,960,975,0.55
11282,5208,0,975,990,0.52
11282,5208,0,990,1005,14.21
11282,5208,0,1005,1020,51.28
11282,5208,0,1020,1035,47.81
11282,5208,0,1035,1050,39.41
11507,3689,0,930,945,0.28
11507,3689,0,945,960,0.30
11507,3689,0,960,975,0.29
11507,3689,0,975,990,0.30
11507,3689,0,990,1005,0.29
11507,3689,0,1005,1020,0.31
11507,3689,0,1020,1035,0.29
11507,3689,0,1035,1050,0.30
11507,3689,0,1050,1065,0.29
11507,3689,0,1065,1080,0.28
11507,3689,0,1080,1095,0.29
11507,3689,0,1095,1110,0.29
11507,3689,0,1110,1125,0.28
11507,5216,0,930,945,0.59
11507,5216,0,945,960,0.58
11507,5216,0,975,990,0.58
11507,5216,0,990,1005,0.58
11507,5216,0,1005,1020,0.58
11507,5216,0,1035,1050,0.59
11507,5216,0,1065,1080,0.58
11507,5216,0,1080,1095,0.58
11827,5440,0,1035,1050,0.35
11910,10853,0,1020,1035,0.43
1358,3000,0,975,990,0.21
1358,3000,0,990,1005,0.53
1358,3000,0,1005,1020,0.59
1358,3000,0,1020,1035,0.60
1358,3000,0,1035,1050,0.63
1358,3000,0,1050,1065,0.17
5117,1358,0,930,945,0.32
5117,1358,0,945,960,0.36
5117,1358,0,960,975,0.43
5117,1358,0,975,990,0.50
5117,1358,0,990,1005,0.40
5117,1358,0,1005,1020,0.48
5117,1358,0,1020,1035,0.54
5117,1358,0,1035,1050,0.44
5117,1358,0,1050,1065,0.12
3000,1358,0,930,945,0.17
3000,1358,0,945,960,0.14
3000,1358,0,960,975,0.21
3000,1358,0,975,990,0.13
3000,1358,0,990,1005,0.16
3000,1358,0,1005,1020,0.12
3000,1358,0,1020,1035,0.24
3000,1358,0,1035,1050,0.18
5175,6185,0,960,975,0.11
5175,6185,0,1035,1050,0.11
3000,3001,0,945,960,0.21
3000,3001,0,960,975,0.46
3000,3001,0,975,990,0.61
3000,3001,0,990,1005,0.60
3000,3001,0,1005,1020,0.60
3000,3001,0,1020,1035,0.60
3000,3001,0,1035,1050,0.60
3000,3001,0,1050,1065,0.29
3001,3000,0,990,1005,0.11
3001,3000,0,1020,1035,0.12
3001,8172,0,930,945,0.22
3001,8172,0,945,960,0.14
3001,8172,0,960,975,0.13
3001,8172,0,975,990,0.11
3001,8172,0,990,1005,0.16
3001,8172,0,1005,1020,0.17
3001,8172,0,1020,1035,0.15
3001,8172,0,1035,1050,0.12
8172,3000,0,1005,1020,0.11
3001,1359,0,945,960,0.15
3001,1359,0,1050,1065,0.12
3001,1359,0,1065,1080,0.12
3001,1359,0,1080,1095,0.11
3001,1359,0,1095,1110,0.12
3001,1359,0,1110,1125,0.15
3001,1359,0,1125,1140,0.14
5175,11507,0,975,990,0.13
5175,11507,0,1005,1020,0.18
5175,11507,0,1035,1050,0.13
11161,1323,0,930,945,0.13
11161,1323,0,945,960,0.14
11161,1323,0,960,975,0.15
11161,1323,0,975,990,0.14
11161,1323,0,990,1005,0.15
11161,1323,0,1005,1020,0.16
11161,1323,0,1020,1035,0.13
11161,1323,0,1035,1050,0.15
11161,1323,0,1050,1065,0.17
11161,1323,0,1065,1080,0.16
11161,1323,0,1080,1095,0.15
11161,1323,0,1095,1110,0.18
11161,1323,0,1110,1125,0.12
1319,11146,0,1005,1020,0.94
1319,11146,0,1020,1035,2.45
1319,11146,0,1035,1050,1.18
11146,1319,0,945,960,0.12
11146,1319,0,1005,1020,0.11
11146,1319,0,1020,1035,0.12
11146,1319,0,1035,1050,0.11
11146,1319,0,1050,1065,0.11
11146,1319,0,1065,1080,0.11
11146,1319,0,1080,1095,0.13
11146,1319,0,1095,1110,0.12
11147,1319,0,945,960,0.14
11147,1319,0,960,975,0.15
11147,1319,0,975,990,0.15
11147,1319,0,990,1005,0.12
11147,1319,0,1005,1020,0.16
11147,1319,0,1020,1035,0.13
11147,1319,0,1050,1065,0.17
1322,11160,0,975,990,0.11
1322,11160,0,990,1005,0.13
1322,11160,0,1005,1020,0.13
1322,11160,0,1020,1035,0.26
1322,11160,0,1035,1050,0.31
11160,1322,0,930,945,0.13
11160,1322,0,1035,1050,0.13
11160,1322,0,1095,1110,0.11
5730,1360,0,930,945,0.14
5730,1360,0,945,960,0.16
5730,1360,0,960,975,0.15
5730,1360,0,975,990,0.14
5730,1360,0,990,1005,0.15
5730,1360,0,1005,1020,0.15
5730,1360,0,1020,1035,0.15
5730,1360,0,1035,1050,0.15
5730,1360,0,1050,1065,0.15
5730,1360,0,1065,1080,0.16
5730,1360,0,1080,1095,0.16
5730,1360,0,1095,1110,0.15
5730,1360,0,1110,1125,0.15
5592,1,0,930,945,0.50
5592,1,0,945,960,0.77
5592,1,0,960,975,0.76
5592,1,0,975,990,0.77
5592,1,0,990,1005,0.81
5592,1,0,1005,1020,0.88
5592,1,0,1020,1035,0.87
5592,1,0,1035,1050,0.99
5592,1,0,1050,1065,0.71
5592,1,0,1065,1080,0.71
5592,1,0,1080,1095,0.71
5592,1,0,1095,1110,0.70
5592,1,0,1110,1125,0.11
1,2,0,975,990,0.31
1,2,0,990,1005,0.78
1,2,0,1005,1020,0.87
1,2,0,1020,1035,0.84
1,2,0,1035,1050,0.95
1,2,0,1050,1065,0.71
1,2,0,1065,1080,0.71
1,2,0,1080,1095,0.71
1,2,0,1095,1110,0.70
1,2,0,1110,1125,0.17
2,3,0,975,990,0.56
2,3,0,990,1005,0.80
2,3,0,1005,1020,0.82
2,3,0,1020,1035,0.86
2,3,0,1035,1050,0.96
2,3,0,1050,1065,0.71
2,3,0,1065,1080,0.71
2,3,0,1080,1095,0.71
2,3,0,1095,1110,0.70
2,3,0,1110,1125,0.14
3,4,0,930,945,0.14
3,4,0,945,960,0.15
3,4,0,960,975,0.34
3,4,0,975,990,0.83
3,4,0,990,1005,0.80
3,4,0,1005,1020,0.82
3,4,0,1020,1035,0.87
3,4,0,1035,1050,0.93
3,4,0,1050,1065,0.71
3,4,0,1065,1080,0.71
3,4,0,1080,1095,0.71
3,4,0,1095,1110,0.70
3,4,0,1110,1125,0.12
4,5,0,930,945,0.16
4,5,0,945,960,0.18
4,5,0,960,975,0.58
4,5,0,975,990,0.87
4,5,0,990,1005,0.80
4,5,0,1005,1020,0.80
4,5,0,1020,1035,0.88
4,5,0,1035,1050,0.92
4,5,0,1050,1065,0.71
4,5,0,1065,1080,0.71
4,5,0,1080,1095,0.71
4,5,0,1095,1110,0.70
4,5,0,1110,1125,0.17
5,5117,0,930,945,0.16
5,5117,0,945,960,0.45
5,5117,0,960,975,0.82
5,5117,0,975,990,0.85
5,5117,0,990,1005,0.81
5,5117,0,1005,1020,0.79
5,5117,0,1020,1035,0.88
5,5117,0,1035,1050,0.91
5,5117,0,1050,1065,0.71
5,5117,0,1065,1080,0.71
5,5117,0,1080,1095,0.71
5,5117,0,1095,1110,0.70
5,5117,0,1110,1125,0.14
5117,5,0,930,945,0.14
5117,5,0,945,960,0.12
5117,5,0,960,975,0.12
5117,5,0,975,990,0.11
5117,5,0,990,1005,0.12
5117,5,0,1005,1020,0.13
5117,5,0,1020,1035,0.12
5117,5,0,1035,1050,0.12
5,4,0,960,975,0.11
5,4,0,1005,1020,0.11
5,4,0,1035,1050,0.12
4,3,0,1005,1020,0.11
4,3,0,1020,1035,0.11
3,2,0,1020,1035,0.11
