from_zone_id,from_zone_id,#_of_simulated_vehicle_count,simulated_travel_time_in_min,#_of_obs_vehicle_count,obs_travel_time_in_min
1,1,0,00,0
1,2,15, 3.84,0,0
1,3,30, 7.11,0,0
1,4,2, 8.94,0,0
1,5,11,11.74,0,0
1,6,14,11.48,0,0
1,7,10,12.92,0,0
1,8,2,16.96,0,0
1,9,67,15.51,0,0
1,10,4,16.38,0,0
1,11,90,13.45,0,0
1,12,2, 8.26,0,0
1,13,46, 7.74,0,0
1,14,56, 5.67,0,0
1,15,21, 5.68,0,0
1,16,27, 2.73,0,0
1,17,20, 2.94,0,0
1,18,19, 2.90,0,0
1,19,26,10.12,0,0
1,20,19,12.33,0,0
1,21,52,15.55,0,0
1,22,26,14.90,0,0
1,23,12,15.28,0,0
1,24,67,11.46,0,0
1,25,5,10.20,0,0
1,26,9, 7.18,0,0
1,27,14, 8.21,0,0
1,28,21,13.07,0,0
1,29,0,00,0
1,30,9,14.01,0,0
1,31,28, 5.46,0,0
1,32,19, 2.47,0,0
1,33,8,10.63,0,0
1,34,46, 4.97,0,0
1,35,7, 4.13,0,0
1,36,10, 6.36,0,0
1,37,21, 8.21,0,0
1,38,19,12.71,0,0
1,39,7,14.78,0,0
1,40,4, 7.36,0,0
1,41,89, 1.42,0,0
2,1,16, 3.30,0,0
2,2,0,00,0
2,3,23, 5.10,0,0
2,4,1, 7.16,0,0
2,5,8, 9.38,0,0
2,6,10, 9.86,0,0
2,7,7,10.92,0,0
2,8,1,13.33,0,0
2,9,50,13.63,0,0
2,10,4,14.31,0,0
2,11,68,12.01,0,0
2,12,1, 7.17,0,0
2,13,34, 6.29,0,0
2,14,42, 7.34,0,0
2,15,16, 7.32,0,0
2,16,20, 4.96,0,0
2,17,15, 3.18,0,0
2,18,15, 5.62,0,0
2,19,19, 8.54,0,0
2,20,14,10.36,0,0
2,21,38,13.96,0,0
2,22,19,12.86,0,0
2,23,9,13.67,0,0
2,24,50, 9.75,0,0
2,25,4, 8.43,0,0
2,26,7, 5.37,0,0
2,27,11, 6.97,0,0
2,28,16,11.23,0,0
2,29,0,00,0
2,30,6,11.52,0,0
2,31,20, 4.04,0,0
2,32,14, 2.66,0,0
2,33,6, 8.55,0,0
2,34,34, 3.34,0,0
2,35,5, 4.12,0,0
2,36,8, 6.81,0,0
2,37,15, 6.67,0,0
2,38,14,11.20,0,0
2,39,6,11.86,0,0
2,40,2, 6.13,0,0
2,41,67, 3.76,0,0
3,1,30, 7.28,0,0
3,2,23, 5.20,0,0
3,3,0,00,0
3,4,3, 3.47,0,0
3,5,16, 5.43,0,0
3,6,21, 5.97,0,0
3,7,15, 7.28,0,0
3,8,2,10.27,0,0
3,9,101, 9.97,0,0
3,10,6, 9.79,0,0
3,11,135, 8.51,0,0
3,12,3,10.82,0,0
3,13,68,10.83,0,0
3,14,85,11.32,0,0
3,15,31,11.13,0,0
3,16,40, 8.42,0,0
3,17,31, 6.36,0,0
3,18,30, 9.19,0,0
3,19,39, 4.57,0,0
3,20,29, 6.41,0,0
3,21,77, 9.78,0,0
3,22,40, 9.00,0,0
3,23,18, 9.83,0,0
3,24,102, 9.38,0,0
3,25,7, 4.05,0,0
3,26,14, 3.67,0,0
3,27,21, 2.94,0,0
3,28,31, 8.23,0,0
3,29,0,00,0
3,30,14, 8.62,0,0
3,31,42, 3.49,0,0
3,32,28, 6.38,0,0
3,33,12, 5.07,0,0
3,34,68, 2.98,0,0
3,35,10, 8.02,0,0
3,36,16,10.84,0,0
3,37,32, 2.65,0,0
3,38,28, 7.27,0,0
3,39,11, 8.32,0,0
3,40,5, 8.95,0,0
3,41,134, 7.50,0,0
4,1,2, 9.16,0,0
4,2,1, 8.73,0,0
4,3,2, 3.24,0,0
4,4,0,00,0
4,5,0,00,0
4,6,1, 4.25,0,0
4,7,1, 5.48,0,0
4,8,0,00,0
4,9,5, 6.82,0,0
4,10,0,00,0
4,11,7, 9.35,0,0
4,12,0,00,0
4,13,3,13.31,0,0
4,14,4,13.00,0,0
4,15,2,12.44,0,0
4,16,2,10.54,0,0
4,17,1, 9.14,0,0
4,18,1,10.31,0,0
4,19,2, 2.59,0,0
4,20,1, 5.57,0,0
4,21,4, 7.49,0,0
4,22,2, 6.56,0,0
4,23,1, 7.62,0,0
4,24,5,11.53,0,0
4,25,0,00,0
4,26,1, 4.77,0,0
4,27,1, 2.21,0,0
4,28,1, 6.92,0,0
4,29,0,00,0
4,30,1, 6.56,0,0
4,31,2, 5.33,0,0
4,32,2, 8.00,0,0
4,33,1, 1.88,0,0
4,34,4, 4.82,0,0
4,35,0,00,0
4,36,0,00,0
4,37,1, 3.25,0,0
4,38,1, 4.73,0,0
4,39,0,00,0
4,40,0,00,0
4,41,7, 9.39,0,0
5,1,10,10.90,0,0
5,2,8, 8.51,0,0
5,3,16, 5.12,0,0
5,4,1, 2.98,0,0
5,5,0,00,0
5,6,8, 1.57,0,0
5,7,6, 2.87,0,0
5,8,1, 6.34,0,0
5,9,35, 6.19,0,0
5,10,2, 6.72,0,0
5,11,46,10.41,0,0
5,12,1,12.01,0,0
5,13,24,13.70,0,0
5,14,29,15.00,0,0
5,15,11,15.32,0,0
5,16,14,12.05,0,0
5,17,10,10.34,0,0
5,18,10,12.87,0,0
5,19,14, 2.35,0,0
5,20,10, 4.90,0,0
5,21,27, 5.57,0,0
5,22,13, 6.77,0,0
5,23,6, 7.99,0,0
5,24,35,11.45,0,0
5,25,3, 5.63,0,0
5,26,4, 6.98,0,0
5,27,7, 5.01,0,0
5,28,11, 8.38,0,0
5,29,0,00,0
5,30,5, 8.26,0,0
5,31,14, 7.54,0,0
5,32,9,10.01,0,0
5,33,4, 2.14,0,0
5,34,24, 7.28,0,0
5,35,4,11.24,0,0
5,36,6,14.18,0,0
5,37,10, 4.69,0,0
5,38,10, 3.51,0,0
5,39,4, 6.51,0,0
5,40,2,12.85,0,0
5,41,47,11.18,0,0
6,1,14,11.60,0,0
6,2,11, 8.98,0,0
6,3,21, 5.54,0,0
6,4,1, 3.19,0,0
6,5,8, 1.57,0,0
6,6,0,00,0
6,7,7, 3.14,0,0
6,8,2, 6.59,0,0
6,9,47, 6.69,0,0
6,10,3, 8.34,0,0
6,11,62,11.19,0,0
6,12,1,17.43,0,0
6,13,31,14.81,0,0
6,14,39,15.57,0,0
6,15,14,15.73,0,0
6,16,18,12.74,0,0
6,17,14,11.28,0,0
6,18,13,12.99,0,0
6,19,18, 2.78,0,0
6,20,13, 4.38,0,0
6,21,36, 6.06,0,0
6,22,18, 7.36,0,0
6,23,8, 8.74,0,0
6,24,47,12.29,0,0
6,25,3, 5.70,0,0
6,26,6, 7.52,0,0
6,27,10, 4.90,0,0
6,28,14, 8.52,0,0
6,29,0,00,0
6,30,6, 8.93,0,0
6,31,19, 7.41,0,0
6,32,13,10.44,0,0
6,33,6, 2.59,0,0
6,34,31, 7.31,0,0
6,35,4,11.55,0,0
6,36,8,15.08,0,0
6,37,15, 4.64,0,0
6,38,13, 3.68,0,0
6,39,5, 7.34,0,0
6,40,2,13.83,0,0
6,41,62,11.54,0,0
7,1,10,12.70,0,0
7,2,8, 9.68,0,0
7,3,15, 6.67,0,0
7,4,1, 4.53,0,0
7,5,5, 2.40,0,0
7,6,7, 3.18,0,0
7,7,0,00,0
7,8,1, 4.96,0,0
7,9,33, 5.47,0,0
7,10,2, 6.61,0,0
7,11,43, 9.45,0,0
7,12,1,13.20,0,0
7,13,22,12.83,0,0
7,14,27,14.56,0,0
7,15,10,14.47,0,0
7,16,13,11.39,0,0
7,17,10,10.99,0,0
7,18,10,13.54,0,0
7,19,13, 2.69,0,0
7,20,10, 3.61,0,0
7,21,25, 4.79,0,0
7,22,13, 6.05,0,0
7,23,6, 7.73,0,0
7,24,33,10.98,0,0
7,25,2, 3.73,0,0
7,26,5, 5.91,0,0
7,27,7, 5.68,0,0
7,28,10, 7.58,0,0
7,29,0,00,0
7,30,4, 7.55,0,0
7,31,13, 8.71,0,0
7,32,9,11.54,0,0
7,33,4, 3.61,0,0
7,34,22, 7.97,0,0
7,35,4,10.10,0,0
7,36,5,13.39,0,0
7,37,10, 5.07,0,0
7,38,9, 3.25,0,0
7,39,3, 6.06,0,0
7,40,1,12.59,0,0
7,41,44,12.45,0,0
8,1,2,11.24,0,0
8,2,1, 9.69,0,0
8,3,2, 6.45,0,0
8,4,1, 6.27,0,0
8,5,1, 5.04,0,0
8,6,1, 5.36,0,0
8,7,1, 4.93,0,0
8,8,0,00,0
8,9,5, 0.68,0,0
8,10,0,00,0
8,11,6, 4.77,0,0
8,12,0,00,0
8,13,4, 7.53,0,0
8,14,4,10.14,0,0
8,15,2, 8.87,0,0
8,16,2,11.26,0,0
8,17,2,10.19,0,0
8,18,1,11.59,0,0
8,19,2, 5.03,0,0
8,20,1, 3.37,0,0
8,21,4, 2.32,0,0
8,22,2, 1.18,0,0
8,23,1, 2.86,0,0
8,24,6, 5.47,0,0
8,25,1, 4.41,0,0
8,26,1, 4.31,0,0
8,27,1, 7.30,0,0
8,28,2, 2.55,0,0
8,29,0,00,0
8,30,0,00,0
8,31,2, 8.14,0,0
8,32,2,10.72,0,0
8,33,1, 6.05,0,0
8,34,4, 7.75,0,0
8,35,0,00,0
8,36,0,00,0
8,37,2, 5.29,0,0
8,38,1, 5.58,0,0
8,39,0,00,0
8,40,0,00,0
8,41,7,12.05,0,0
9,1,7,11.74,0,0
9,2,5,10.29,0,0
9,3,12, 6.08,0,0
9,4,0,00,0
9,5,4, 5.18,0,0
9,6,5, 5.75,0,0
9,7,3, 4.76,0,0
9,8,0,00,0
9,9,0,00,0
9,10,2, 2.02,0,0
9,11,33, 4.67,0,0
9,12,1, 6.21,0,0
9,13,17, 7.73,0,0
9,14,21, 9.70,0,0
9,15,7, 9.82,0,0
9,16,9,10.55,0,0
9,17,8,10.12,0,0
9,18,7,12.22,0,0
9,19,9, 5.28,0,0
9,20,8, 3.84,0,0
9,21,19, 2.47,0,0
9,22,10, 1.46,0,0
9,23,5, 2.89,0,0
9,24,25, 5.58,0,0
9,25,2, 4.76,0,0
9,26,3, 4.76,0,0
9,27,5, 7.04,0,0
9,28,8, 2.63,0,0
9,29,0,00,0
9,30,4, 2.81,0,0
9,31,11, 8.20,0,0
9,32,6,10.92,0,0
9,33,3, 6.22,0,0
9,34,16, 7.29,0,0
9,35,2, 9.55,0,0
9,36,4, 8.66,0,0
9,37,8, 6.19,0,0
9,38,7, 6.06,0,0
9,39,3, 2.37,0,0
9,40,2, 8.19,0,0
9,41,33,12.25,0,0
10,1,0,00,0
10,2,0,00,0
10,3,1, 5.68,0,0
10,4,0,00,0
10,5,0,00,0
10,6,1, 6.62,0,0
10,7,0,00,0
10,8,0,00,0
10,9,1, 2.27,0,0
10,10,0,00,0
10,11,3, 4.60,0,0
10,12,0,00,0
10,13,1, 7.75,0,0
10,14,2, 9.26,0,0
10,15,1, 9.03,0,0
10,16,0,00,0
10,17,1, 9.82,0,0
10,18,0,00,0
10,19,0,00,0
10,20,1, 4.48,0,0
10,21,1, 4.61,0,0
10,22,1, 2.07,0,0
10,23,0,00,0
10,24,2, 5.37,0,0
10,25,0,00,0
10,26,0,00,0
10,27,0,00,0
10,28,0,00,0
10,29,0,00,0
10,30,1, 2.44,0,0
10,31,1, 6.89,0,0
10,32,1,11.28,0,0
10,33,0,00,0
10,34,2, 6.68,0,0
10,35,0,00,0
10,36,0,00,0
10,37,1, 5.18,0,0
10,38,0,00,0
10,39,0,00,0
10,40,0,00,0
10,41,2,10.94,0,0
11,1,10,10.41,0,0
11,2,8, 8.17,0,0
11,3,16, 4.73,0,0
11,4,1, 7.47,0,0
11,5,6, 8.50,0,0
11,6,6, 9.11,0,0
11,7,5, 7.89,0,0
11,8,1, 5.08,0,0
11,9,33, 4.68,0,0
11,10,3, 3.72,0,0
11,11,0,00,0
11,12,1, 4.80,0,0
11,13,22, 6.26,0,0
11,14,28, 8.11,0,0
11,15,10, 8.28,0,0
11,16,13, 9.34,0,0
11,17,10, 9.04,0,0
11,18,9,10.48,0,0
11,19,13, 7.09,0,0
11,20,10, 6.89,0,0
11,21,25, 6.33,0,0
11,22,13, 3.80,0,0
11,23,6, 4.47,0,0
11,24,34, 2.24,0,0
11,25,3, 4.61,0,0
11,26,5, 2.76,0,0
11,27,7, 6.48,0,0
11,28,11, 2.72,0,0
11,29,0,00,0
11,30,4, 1.94,0,0
11,31,14, 6.90,0,0
11,32,9, 9.21,0,0
11,33,4, 8.15,0,0
11,34,23, 5.67,0,0
11,35,3, 7.95,0,0
11,36,5, 6.99,0,0
11,37,11, 5.31,0,0
11,38,9, 9.32,0,0
11,39,4, 4.51,0,0
11,40,2, 7.64,0,0
11,41,43,10.63,0,0
12,1,7, 6.81,0,0
12,2,5, 5.93,0,0
12,3,10, 6.90,0,0
12,4,1, 9.58,0,0
12,5,3,10.65,0,0
12,6,4,11.43,0,0
12,7,3,10.20,0,0
12,8,0,00,0
12,9,21, 7.40,0,0
12,10,1, 6.30,0,0
12,11,29, 5.29,0,0
12,12,0,00,0
12,13,15, 2.73,0,0
12,14,18, 4.32,0,0
12,15,7, 4.11,0,0
12,16,9, 5.97,0,0
12,17,6, 6.19,0,0
12,18,6, 7.58,0,0
12,19,9, 9.30,0,0
12,20,6, 9.04,0,0
12,21,17, 9.02,0,0
12,22,8, 6.67,0,0
12,23,4, 7.26,0,0
12,24,22, 3.80,0,0
12,25,1, 5.45,0,0
12,26,3, 4.91,0,0
12,27,4, 7.99,0,0
12,28,7, 4.87,0,0
12,29,0,00,0
12,30,3, 5.37,0,0
12,31,9, 7.37,0,0
12,32,6, 7.13,0,0
12,33,3,10.13,0,0
12,34,15, 6.34,0,0
12,35,2, 6.07,0,0
12,36,3, 2.53,0,0
12,37,7, 7.70,0,0
12,38,6,12.09,0,0
12,39,3, 6.62,0,0
12,40,1, 3.04,0,0
12,41,29, 7.47,0,0
13,1,5, 6.70,0,0
13,2,3, 5.58,0,0
13,3,8, 8.55,0,0
13,4,0,00,0
13,5,3,12.64,0,0
13,6,3,13.06,0,0
13,7,2,11.86,0,0
13,8,1, 9.29,0,0
13,9,17, 8.99,0,0
13,10,1, 8.35,0,0
13,11,23, 6.61,0,0
13,12,1, 2.66,0,0
13,13,0,00,0
13,14,14, 3.80,0,0
13,15,5, 3.65,0,0
13,16,6, 5.69,0,0
13,17,5, 5.74,0,0
13,18,5, 6.80,0,0
13,19,6,10.34,0,0
13,20,5,10.70,0,0
13,21,12,10.20,0,0
13,22,7, 7.76,0,0
13,23,3, 9.35,0,0
13,24,17, 5.54,0,0
13,25,1, 6.45,0,0
13,26,3, 7.05,0,0
13,27,4,10.22,0,0
13,28,5, 6.63,0,0
13,29,0,00,0
13,30,2, 7.51,0,0
13,31,7, 7.49,0,0
13,32,4, 6.75,0,0
13,33,2,12.61,0,0
13,34,12, 5.65,0,0
13,35,2, 5.86,0,0
13,36,3, 1.51,0,0
13,37,6, 8.54,0,0
13,38,5,13.62,0,0
13,39,2, 8.02,0,0
13,40,1, 2.98,0,0
13,41,22, 6.85,0,0
14,1,6, 4.67,0,0
14,2,5, 7.12,0,0
14,3,10,10.09,0,0
14,4,1,12.42,0,0
14,5,3,14.47,0,0
14,6,5,14.62,0,0
14,7,3,13.36,0,0
14,8,1,10.66,0,0
14,9,21,11.30,0,0
14,10,1,10.49,0,0
14,11,27, 9.05,0,0
14,12,1, 4.59,0,0
14,13,14, 4.07,0,0
14,14,0,00,0
14,15,6, 1.71,0,0
14,16,8, 3.37,0,0
14,17,6, 4.69,0,0
14,18,6, 5.07,0,0
14,19,8,12.85,0,0
14,20,6,12.67,0,0
14,21,15,12.98,0,0
14,22,8,10.54,0,0
14,23,3,11.25,0,0
14,24,21, 7.80,0,0
14,25,1,11.07,0,0
14,26,3, 8.16,0,0
14,27,4,11.66,0,0
14,28,6, 8.81,0,0
14,29,0,00,0
14,30,3, 9.09,0,0
14,31,9, 8.92,0,0
14,32,5, 5.76,0,0
14,33,3,13.32,0,0
14,34,14, 7.14,0,0
14,35,2, 4.62,0,0
14,36,3, 2.38,0,0
14,37,7,11.02,0,0
14,38,6,15.29,0,0
14,39,3,10.93,0,0
14,40,1, 2.96,0,0
14,41,27, 4.86,0,0
15,1,3, 4.11,0,0
15,2,2, 7.13,0,0
15,3,4, 9.87,0,0
15,4,0,00,0
15,5,2,14.53,0,0
15,6,2,14.45,0,0
15,7,1,14.10,0,0
15,8,0,00,0
15,9,8,11.23,0,0
15,10,0,00,0
15,11,10, 9.36,0,0
15,12,0,00,0
15,13,5, 4.20,0,0
15,14,7, 1.55,0,0
15,15,0,00,0
15,16,3, 3.58,0,0
15,17,3, 4.73,0,0
15,18,2, 4.76,0,0
15,19,3,12.38,0,0
15,20,2,12.71,0,0
15,21,6,12.80,0,0
15,22,3, 9.75,0,0
15,23,1,11.51,0,0
15,24,7, 7.36,0,0
15,25,0,00,0
15,26,1, 7.93,0,0
15,27,2,11.83,0,0
15,28,2, 9.35,0,0
15,29,0,00,0
15,30,1, 9.06,0,0
15,31,3, 9.09,0,0
15,32,2, 5.65,0,0
15,33,1,12.84,0,0
15,34,5, 7.22,0,0
15,35,1, 4.30,0,0
15,36,1, 1.69,0,0
15,37,2,10.02,0,0
15,38,2,15.22,0,0
15,39,0,00,0
15,40,0,00,0
15,41,10, 4.68,0,0
16,1,3, 1.72,0,0
16,2,3, 5.11,0,0
16,3,4, 7.63,0,0
16,4,0,00,0
16,5,1,11.77,0,0
16,6,2,12.61,0,0
16,7,2,11.84,0,0
16,8,1,13.19,0,0
16,9,9,13.22,0,0
16,10,1,16.62,0,0
16,11,12,12.04,0,0
16,12,0,00,0
16,13,7, 6.32,0,0
16,14,8, 3.68,0,0
16,15,3, 3.42,0,0
16,16,0,00,0
16,17,3, 2.44,0,0
16,18,3, 2.44,0,0
16,19,4,10.05,0,0
16,20,3,11.37,0,0
16,21,8,15.16,0,0
16,22,4,12.68,0,0
16,23,2,16.32,0,0
16,24,10, 9.48,0,0
16,25,1, 9.10,0,0
16,26,1, 5.31,0,0
16,27,2, 9.80,0,0
16,28,3,12.36,0,0
16,29,0,00,0
16,30,1,10.52,0,0
16,31,4, 6.23,0,0
16,32,2, 3.64,0,0
16,33,1,11.40,0,0
16,34,6, 4.43,0,0
16,35,1, 2.72,0,0
16,36,2, 4.03,0,0
16,37,3, 8.62,0,0
16,38,2,13.15,0,0
16,39,1,12.48,0,0
16,40,1, 5.53,0,0
16,41,12, 2.77,0,0
17,1,15, 2.31,0,0
17,2,11, 2.35,0,0
17,3,23, 5.80,0,0
17,4,1, 7.21,0,0
17,5,8, 9.98,0,0
17,6,11,10.68,0,0
17,7,7,10.37,0,0
17,8,2,12.73,0,0
17,9,51,13.17,0,0
17,10,3,12.29,0,0
17,11,68,11.25,0,0
17,12,1, 7.22,0,0
17,13,34, 5.98,0,0
17,14,43, 4.95,0,0
17,15,16, 4.83,0,0
17,16,20, 2.35,0,0
17,17,0,00,0
17,18,15, 2.77,0,0
17,19,20, 9.18,0,0
17,20,15,10.14,0,0
17,21,39,13.33,0,0
17,22,20,12.23,0,0
17,23,9,13.54,0,0
17,24,51, 9.33,0,0
17,25,4, 7.57,0,0
17,26,7, 4.83,0,0
17,27,11, 7.31,0,0
17,28,16,11.09,0,0
17,29,0,00,0
17,30,6,10.61,0,0
17,31,21, 4.39,0,0
17,32,14, 1.43,0,0
17,33,6, 9.63,0,0
17,34,35, 3.57,0,0
17,35,5, 1.41,0,0
17,36,8, 5.14,0,0
17,37,16, 7.50,0,0
17,38,14,11.44,0,0
17,39,6,13.06,0,0
17,40,3, 5.33,0,0
17,41,68, 2.61,0,0
18,1,8, 2.62,0,0
18,2,6, 4.64,0,0
18,3,12, 8.40,0,0
18,4,1,10.44,0,0
18,5,4,12.30,0,0
18,6,6,13.08,0,0
18,7,4,12.82,0,0
18,8,1,14.57,0,0
18,9,27,15.41,0,0
18,10,2,15.11,0,0
18,11,36,12.85,0,0
18,12,1, 7.94,0,0
18,13,18, 7.61,0,0
18,14,22, 5.66,0,0
18,15,8, 5.51,0,0
18,16,11, 2.53,0,0
18,17,8, 2.77,0,0
18,18,0,00,0
18,19,10,11.77,0,0
18,20,7,12.45,0,0
18,21,21,15.84,0,0
18,22,10,15.34,0,0
18,23,5,15.51,0,0
18,24,27,11.26,0,0
18,25,2,10.79,0,0
18,26,4, 7.47,0,0
18,27,6, 9.22,0,0
18,28,8,13.39,0,0
18,29,0,00,0
18,30,4,12.94,0,0
18,31,12, 7.39,0,0
18,32,7, 3.87,0,0
18,33,3,12.04,0,0
18,34,19, 6.04,0,0
18,35,3, 4.11,0,0
18,36,4, 6.00,0,0
18,37,8, 9.52,0,0
18,38,7,14.32,0,0
18,39,2,13.60,0,0
18,40,2, 6.57,0,0
18,41,36, 2.75,0,0
19,1,5, 9.49,0,0
19,2,4, 7.94,0,0
19,3,9, 4.14,0,0
19,4,0,00,0
19,5,3, 2.32,0,0
19,6,4, 2.82,0,0
19,7,3, 2.48,0,0
19,8,0,00,0
19,9,18, 6.03,0,0
19,10,1, 5.94,0,0
19,11,24, 8.93,0,0
19,12,0,00,0
19,13,13,12.50,0,0
19,14,15,13.37,0,0
19,15,6,12.26,0,0
19,16,7,10.45,0,0
19,17,5, 9.46,0,0
19,18,5,12.23,0,0
19,19,0,00,0
19,20,5, 3.33,0,0
19,21,14, 5.21,0,0
19,22,7, 5.62,0,0
19,23,3, 6.53,0,0
19,24,18,10.29,0,0
19,25,1, 4.32,0,0
19,26,2, 4.99,0,0
19,27,4, 3.65,0,0
19,28,5, 6.15,0,0
19,29,0,00,0
19,30,3, 6.39,0,0
19,31,7, 5.66,0,0
19,32,5, 9.24,0,0
19,33,2, 1.44,0,0
19,34,12, 6.11,0,0
19,35,2, 9.79,0,0
19,36,2,12.10,0,0
19,37,5, 3.78,0,0
19,38,5, 2.85,0,0
19,39,2, 4.48,0,0
19,40,1,10.86,0,0
19,41,24,10.43,0,0
20,1,5,11.81,0,0
20,2,3, 9.83,0,0
20,3,6, 5.89,0,0
20,4,0,00,0
20,5,2, 3.62,0,0
20,6,3, 5.13,0,0
20,7,2, 2.94,0,0
20,8,0,00,0
20,9,14, 4.21,0,0
20,10,1, 4.75,0,0
20,11,18, 7.12,0,0
20,12,0,00,0
20,13,10,10.09,0,0
20,14,12,12.16,0,0
20,15,4,11.76,0,0
20,16,5,10.96,0,0
20,17,5, 9.87,0,0
20,18,4,11.82,0,0
20,19,6, 2.27,0,0
20,20,0,00,0
20,21,11, 3.97,0,0
20,22,5, 4.24,0,0
20,23,3, 5.21,0,0
20,24,14, 7.93,0,0
20,25,1, 4.40,0,0
20,26,2, 6.24,0,0
20,27,3, 4.97,0,0
20,28,5, 4.85,0,0
20,29,0,00,0
20,30,1, 5.91,0,0
20,31,6, 8.32,0,0
20,32,4,10.97,0,0
20,33,1, 4.70,0,0
20,34,10, 7.33,0,0
20,35,1,10.69,0,0
20,36,2,10.84,0,0
20,37,5, 4.27,0,0
20,38,4, 4.01,0,0
20,39,2, 3.60,0,0
20,40,1,11.69,0,0
20,41,18,12.17,0,0
21,1,5,13.87,0,0
21,2,3,11.96,0,0
21,3,7, 8.02,0,0
21,4,0,00,0
21,5,3, 4.62,0,0
21,6,3, 5.10,0,0
21,7,2, 3.70,0,0
21,8,1, 2.07,0,0
21,9,14, 2.65,0,0
21,10,1, 3.56,0,0
21,11,18, 6.46,0,0
21,12,1, 7.66,0,0
21,13,9, 9.74,0,0
21,14,12,11.46,0,0
21,15,4,11.62,0,0
21,16,6,13.21,0,0
21,17,4,12.06,0,0
21,18,4,14.27,0,0
21,19,5, 4.85,0,0
21,20,4, 2.77,0,0
21,21,0,00,0
21,22,5, 3.06,0,0
21,23,2, 4.58,0,0
21,24,13, 7.06,0,0
21,25,1, 5.00,0,0
21,26,2, 6.48,0,0
21,27,3, 7.57,0,0
21,28,4, 4.33,0,0
21,29,0,00,0
21,30,2, 4.21,0,0
21,31,6,10.24,0,0
21,32,4,12.31,0,0
21,33,2, 5.41,0,0
21,34,10, 8.79,0,0
21,35,2,12.71,0,0
21,36,3,10.33,0,0
21,37,4, 6.28,0,0
21,38,4, 5.25,0,0
21,39,1, 3.84,0,0
21,40,1,11.15,0,0
21,41,18,13.94,0,0
22,1,0,00,0
22,2,0,00,0
22,3,0,00,0
22,4,0,00,0
22,5,0,00,0
22,6,0,00,0
22,7,0,00,0
22,8,0,00,0
22,9,0,00,0
22,10,0,00,0
22,11,0,00,0
22,12,0,00,0
22,13,0,00,0
22,14,0,00,0
22,15,0,00,0
22,16,0,00,0
22,17,0,00,0
22,18,0,00,0
22,19,0,00,0
22,20,0,00,0
22,21,0,00,0
22,22,0,00,0
22,23,0,00,0
22,24,0,00,0
22,25,0,00,0
22,26,0,00,0
22,27,0,00,0
22,28,0,00,0
22,29,0,00,0
22,30,0,00,0
22,31,0,00,0
22,32,0,00,0
22,33,0,00,0
22,34,0,00,0
22,35,0,00,0
22,36,0,00,0
22,37,0,00,0
22,38,0,00,0
22,39,0,00,0
22,40,0,00,0
22,41,0,00,0
23,1,0,00,0
23,2,0,00,0
23,3,0,00,0
23,4,0,00,0
23,5,0,00,0
23,6,0,00,0
23,7,0,00,0
23,8,0,00,0
23,9,0,00,0
23,10,0,00,0
23,11,0,00,0
23,12,0,00,0
23,13,0,00,0
23,14,0,00,0
23,15,0,00,0
23,16,0,00,0
23,17,0,00,0
23,18,0,00,0
23,19,0,00,0
23,20,0,00,0
23,21,0,00,0
23,22,0,00,0
23,23,0,00,0
23,24,0,00,0
23,25,0,00,0
23,26,0,00,0
23,27,0,00,0
23,28,0,00,0
23,29,0,00,0
23,30,0,00,0
23,31,0,00,0
23,32,0,00,0
23,33,0,00,0
23,34,0,00,0
23,35,0,00,0
23,36,0,00,0
23,37,0,00,0
23,38,0,00,0
23,39,0,00,0
23,40,0,00,0
23,41,0,00,0
24,1,2, 9.44,0,0
24,2,2, 8.18,0,0
24,3,4, 5.37,0,0
24,4,1, 7.37,0,0
24,5,1, 8.62,0,0
24,6,2, 9.83,0,0
24,7,1, 9.32,0,0
24,8,0,00,0
24,9,7, 5.72,0,0
24,10,0,00,0
24,11,9, 2.47,0,0
24,12,1, 3.54,0,0
24,13,5, 5.11,0,0
24,14,6, 7.06,0,0
24,15,2, 6.77,0,0
24,16,3, 8.61,0,0
24,17,2, 9.14,0,0
24,18,2, 9.95,0,0
24,19,3, 7.83,0,0
24,20,2, 7.23,0,0
24,21,5, 7.63,0,0
24,22,3, 4.32,0,0
24,23,1, 5.27,0,0
24,24,0,00,0
24,25,0,00,0
24,26,1, 3.69,0,0
24,27,1, 6.38,0,0
24,28,2, 3.70,0,0
24,29,0,00,0
24,30,1, 2.42,0,0
24,31,3, 6.99,0,0
24,32,2,10.16,0,0
24,33,0,00,0
24,34,5, 6.58,0,0
24,35,1, 8.85,0,0
24,36,1, 5.38,0,0
24,37,2, 5.65,0,0
24,38,2,10.88,0,0
24,39,0,00,0
24,40,0,00,0
24,41,10, 9.88,0,0
25,1,5, 9.78,0,0
25,2,4, 7.35,0,0
25,3,8, 3.27,0,0
25,4,1, 4.93,0,0
25,5,3, 4.83,0,0
25,6,3, 6.02,0,0
25,7,3, 4.90,0,0
25,8,0,00,0
25,9,18, 5.83,0,0
25,10,1, 4.74,0,0
25,11,24, 6.56,0,0
25,12,1, 8.11,0,0
25,13,12, 9.23,0,0
25,14,15,10.74,0,0
25,15,5,11.45,0,0
25,16,7, 8.27,0,0
25,17,5, 7.64,0,0
25,18,5,10.11,0,0
25,19,7, 2.88,0,0
25,20,5, 3.61,0,0
25,21,14, 7.21,0,0
25,22,7, 4.36,0,0
25,23,4, 7.25,0,0
25,24,19, 7.24,0,0
25,25,0,00,0
25,26,2, 1.76,0,0
25,27,4, 4.44,0,0
25,28,6, 5.39,0,0
25,29,0,00,0
25,30,2, 6.67,0,0
25,31,7, 4.94,0,0
25,32,5, 8.51,0,0
25,33,2, 4.20,0,0
25,34,12, 5.00,0,0
25,35,2, 7.55,0,0
25,36,2,10.74,0,0
25,37,6, 2.68,0,0
25,38,5, 5.46,0,0
25,39,1, 7.01,0,0
25,40,1, 8.14,0,0
25,41,24, 9.88,0,0
26,1,4, 6.38,0,0
26,2,3, 4.72,0,0
26,3,7, 2.16,0,0
26,4,0,00,0
26,5,3, 6.52,0,0
26,6,3, 6.83,0,0
26,7,2, 6.08,0,0
26,8,1, 4.17,0,0
26,9,15, 7.13,0,0
26,10,1, 4.17,0,0
26,11,19, 5.12,0,0
26,12,1, 6.93,0,0
26,13,10, 7.57,0,0
26,14,12, 8.19,0,0
26,15,4, 8.38,0,0
26,16,5, 5.86,0,0
26,17,4, 4.77,0,0
26,18,4, 7.34,0,0
26,19,6, 4.63,0,0
26,20,4, 5.23,0,0
26,21,12, 8.53,0,0
26,22,6, 6.56,0,0
26,23,2, 7.98,0,0
26,24,15, 6.05,0,0
26,25,1, 3.49,0,0
26,26,0,00,0
26,27,3, 4.06,0,0
26,28,5, 4.98,0,0
26,29,0,00,0
26,30,2, 6.37,0,0
26,31,6, 4.08,0,0
26,32,4, 6.07,0,0
26,33,1, 5.24,0,0
26,34,10, 2.40,0,0
26,35,2, 4.91,0,0
26,36,2, 7.87,0,0
26,37,5, 2.95,0,0
26,38,4, 6.92,0,0
26,39,2, 5.69,0,0
26,40,1, 6.99,0,0
26,41,20, 7.03,0,0
27,1,9, 7.58,0,0
27,2,7, 6.41,0,0
27,3,15, 2.25,0,0
27,4,0,00,0
27,5,5, 4.35,0,0
27,6,7, 4.39,0,0
27,7,4, 5.93,0,0
27,8,1, 8.05,0,0
27,9,32, 8.38,0,0
27,10,2, 6.99,0,0
27,11,42, 9.81,0,0
27,12,1,11.44,0,0
27,13,21,11.70,0,0
27,14,26,12.51,0,0
27,15,10,12.27,0,0
27,16,12, 9.76,0,0
27,17,9, 7.53,0,0
27,18,9, 9.85,0,0
27,19,12, 3.53,0,0
27,20,9, 5.31,0,0
27,21,24, 8.71,0,0
27,22,12, 7.74,0,0
27,23,6, 7.75,0,0
27,24,32,10.52,0,0
27,25,2, 4.50,0,0
27,26,4, 4.08,0,0
27,27,0,00,0
27,28,10, 8.87,0,0
27,29,0,00,0
27,30,4, 8.45,0,0
27,31,13, 4.71,0,0
27,32,9, 7.12,0,0
27,33,3, 3.29,0,0
27,34,21, 4.15,0,0
27,35,3, 8.16,0,0
27,36,5,11.29,0,0
27,37,10, 2.36,0,0
27,38,8, 6.04,0,0
27,39,3, 8.09,0,0
27,40,1, 9.32,0,0
27,41,42, 8.40,0,0
28,1,6, 9.33,0,0
28,2,5, 7.68,0,0
28,3,10, 4.00,0,0
28,4,1, 6.39,0,0
28,5,4, 7.20,0,0
28,6,5, 7.60,0,0
28,7,3, 6.23,0,0
28,8,0,00,0
28,9,21, 2.60,0,0
28,10,1, 1.94,0,0
28,11,27, 2.54,0,0
28,12,1, 4.19,0,0
28,13,14, 5.90,0,0
28,14,17, 7.42,0,0
28,15,7, 7.55,0,0
28,16,8, 8.86,0,0
28,17,6, 8.20,0,0
28,18,6,10.11,0,0
28,19,8, 5.69,0,0
28,20,6, 4.56,0,0
28,21,16, 4.08,0,0
28,22,8, 1.83,0,0
28,23,4, 2.55,0,0
28,24,20, 3.50,0,0
28,25,2, 3.54,0,0
28,26,3, 2.19,0,0
28,27,4, 5.02,0,0
28,28,0,00,0
28,29,0,00,0
28,30,2, 0.81,0,0
28,31,9, 5.92,0,0
28,32,5, 8.99,0,0
28,33,3, 6.80,0,0
28,34,14, 5.09,0,0
28,35,2, 7.39,0,0
28,36,4, 6.01,0,0
28,37,6, 4.30,0,0
28,38,6, 7.84,0,0
28,39,2, 2.48,0,0
28,40,1, 7.06,0,0
28,41,28,10.21,0,0
29,1,0,00,0
29,2,0,00,0
29,3,0,00,0
29,4,0,00,0
29,5,0,00,0
29,6,0,00,0
29,7,0,00,0
29,8,0,00,0
29,9,0,00,0
29,10,0,00,0
29,11,0,00,0
29,12,0,00,0
29,13,0,00,0
29,14,0,00,0
29,15,0,00,0
29,16,0,00,0
29,17,0,00,0
29,18,0,00,0
29,19,0,00,0
29,20,0,00,0
29,21,0,00,0
29,22,0,00,0
29,23,0,00,0
29,24,0,00,0
29,25,0,00,0
29,26,0,00,0
29,27,0,00,0
29,28,0,00,0
29,29,0,00,0
29,30,0,00,0
29,31,0,00,0
29,32,0,00,0
29,33,0,00,0
29,34,0,00,0
29,35,0,00,0
29,36,0,00,0
29,37,0,00,0
29,38,0,00,0
29,39,0,00,0
29,40,0,00,0
29,41,0,00,0
30,1,0,00,0
30,2,0,00,0
30,3,0,00,0
30,4,0,00,0
30,5,0,00,0
30,6,0,00,0
30,7,0,00,0
30,8,0,00,0
30,9,0,00,0
30,10,0,00,0
30,11,0,00,0
30,12,0,00,0
30,13,0,00,0
30,14,0,00,0
30,15,0,00,0
30,16,0,00,0
30,17,0,00,0
30,18,0,00,0
30,19,0,00,0
30,20,0,00,0
30,21,0,00,0
30,22,0,00,0
30,23,0,00,0
30,24,0,00,0
30,25,0,00,0
30,26,0,00,0
30,27,0,00,0
30,28,0,00,0
30,29,0,00,0
30,30,0,00,0
30,31,0,00,0
30,32,0,00,0
30,33,0,00,0
30,34,0,00,0
30,35,0,00,0
30,36,0,00,0
30,37,0,00,0
30,38,0,00,0
30,39,0,00,0
30,40,0,00,0
30,41,0,00,0
31,1,11, 4.85,0,0
31,2,8, 3.42,0,0
31,3,16, 3.02,0,0
31,4,0,00,0
31,5,6, 7.11,0,0
31,6,8, 7.91,0,0
31,7,6, 8.69,0,0
31,8,0,00,0
31,9,36,11.60,0,0
31,10,2,13.14,0,0
31,11,48,10.31,0,0
31,12,1, 8.34,0,0
31,13,24, 8.05,0,0
31,14,30, 9.44,0,0
31,15,11, 8.94,0,0
31,16,14, 6.58,0,0
31,17,11, 4.39,0,0
31,18,10, 6.33,0,0
31,19,14, 6.22,0,0
31,20,10, 9.15,0,0
31,21,27,11.79,0,0
31,22,14,10.82,0,0
31,23,7,11.27,0,0
31,24,36,10.86,0,0
31,25,3, 6.58,0,0
31,26,5, 4.27,0,0
31,27,8, 4.31,0,0
31,28,11, 9.97,0,0
31,29,0,00,0
31,30,5,11.14,0,0
31,31,0,00,0
31,32,10, 4.20,0,0
31,33,4, 6.07,0,0
31,34,25, 1.57,0,0
31,35,3, 6.53,0,0
31,36,5, 8.69,0,0
31,37,11, 4.60,0,0
31,38,10, 8.77,0,0
31,39,3, 9.01,0,0
31,40,2, 6.90,0,0
31,41,47, 5.53,0,0
32,1,9, 2.02,0,0
32,2,6, 2.28,0,0
32,3,14, 5.62,0,0
32,4,1, 8.33,0,0
32,5,5,10.09,0,0
32,6,6,10.19,0,0
32,7,5,11.40,0,0
32,8,0,00,0
32,9,30,13.90,0,0
32,10,2,14.39,0,0
32,11,40,12.34,0,0
32,12,1, 7.32,0,0
32,13,21, 7.22,0,0
32,14,25, 6.45,0,0
32,15,9, 6.54,0,0
32,16,12, 3.38,0,0
32,17,9, 1.43,0,0
32,18,9, 3.76,0,0
32,19,12, 8.96,0,0
32,20,9,11.48,0,0
32,21,23,14.18,0,0
32,22,12,12.99,0,0
32,23,5,14.23,0,0
32,24,30,10.43,0,0
32,25,2, 8.66,0,0
32,26,4, 6.54,0,0
32,27,7, 7.61,0,0
32,28,9,12.53,0,0
32,29,0,00,0
32,30,4,13.89,0,0
32,31,12, 4.22,0,0
32,32,0,00,0
32,33,3, 9.10,0,0
32,34,20, 4.35,0,0
32,35,3, 5.09,0,0
32,36,5, 7.14,0,0
32,37,10, 7.01,0,0
32,38,8,11.68,0,0
32,39,3,12.31,0,0
32,40,1, 6.62,0,0
32,41,40, 2.67,0,0
33,1,3,10.05,0,0
33,2,2, 8.38,0,0
33,3,5, 4.15,0,0
33,4,0,00,0
33,5,2, 2.24,0,0
33,6,3, 2.41,0,0
33,7,1, 3.28,0,0
33,8,1, 7.23,0,0
33,9,10, 7.33,0,0
33,10,1, 7.13,0,0
33,11,14, 9.89,0,0
33,12,1,16.83,0,0
33,13,8,13.11,0,0
33,14,9,14.29,0,0
33,15,3,13.49,0,0
33,16,4,10.89,0,0
33,17,3, 8.44,0,0
33,18,3,11.24,0,0
33,19,5, 1.44,0,0
33,20,3, 4.92,0,0
33,21,8, 6.19,0,0
33,22,4, 7.17,0,0
33,23,2, 7.73,0,0
33,24,11,11.67,0,0
33,25,1, 4.23,0,0
33,26,2, 5.28,0,0
33,27,2, 3.40,0,0
33,28,4, 7.60,0,0
33,29,0,00,0
33,30,1, 7.88,0,0
33,31,5, 6.78,0,0
33,32,3, 8.69,0,0
33,33,0,00,0
33,34,8, 5.84,0,0
33,35,1,10.76,0,0
33,36,2,14.31,0,0
33,37,3, 3.25,0,0
33,38,3, 4.04,0,0
33,39,1, 5.84,0,0
33,40,0,00,0
33,41,14,10.02,0,0
34,1,12, 4.56,0,0
34,2,9, 2.64,0,0
34,3,17, 2.54,0,0
34,4,0,00,0
34,5,6, 6.48,0,0
34,6,8, 7.58,0,0
34,7,5, 7.79,0,0
34,8,0,00,0
34,9,38,10.50,0,0
34,10,2, 9.19,0,0
34,11,51, 8.72,0,0
34,12,1, 4.76,0,0
34,13,26, 5.60,0,0
34,14,31, 7.07,0,0
34,15,12, 7.17,0,0
34,16,15, 4.40,0,0
34,17,12, 3.52,0,0
34,18,11, 5.56,0,0
34,19,15, 5.94,0,0
34,20,11, 7.32,0,0
34,21,30,10.39,0,0
34,22,15, 9.84,0,0
34,23,7, 9.89,0,0
34,24,39, 8.98,0,0
34,25,2, 4.98,0,0
34,26,5, 2.29,0,0
34,27,8, 3.81,0,0
34,28,11, 8.73,0,0
34,29,0,00,0
34,30,6, 8.67,0,0
34,31,16, 1.90,0,0
34,32,10, 4.21,0,0
34,33,5, 6.11,0,0
34,34,0,00,0
34,35,4, 3.92,0,0
34,36,6, 5.49,0,0
34,37,12, 4.51,0,0
34,38,10, 8.22,0,0
34,39,4, 9.37,0,0
34,40,2, 6.23,0,0
34,41,51, 5.25,0,0
35,1,5, 3.74,0,0
35,2,4, 3.42,0,0
35,3,6, 6.36,0,0
35,4,1, 9.73,0,0
35,5,2,10.36,0,0
35,6,3,11.94,0,0
35,7,2,10.17,0,0
35,8,1,14.49,0,0
35,9,13,13.66,0,0
35,10,1,12.05,0,0
35,11,18,11.71,0,0
35,12,1, 6.40,0,0
35,13,10, 6.15,0,0
35,14,11, 4.96,0,0
35,15,4, 5.01,0,0
35,16,5, 2.36,0,0
35,17,4, 1.41,0,0
35,18,4, 3.87,0,0
35,19,5, 9.18,0,0
35,20,4,10.61,0,0
35,21,10,13.79,0,0
35,22,5,11.91,0,0
35,23,2,12.43,0,0
35,24,13, 9.50,0,0
35,25,1, 8.14,0,0
35,26,2, 4.97,0,0
35,27,3, 8.02,0,0
35,28,4,11.37,0,0
35,29,0,00,0
35,30,2,11.19,0,0
35,31,6, 5.86,0,0
35,32,4, 4.52,0,0
35,33,1, 9.87,0,0
35,34,9, 4.38,0,0
35,35,0,00,0
35,36,2, 5.22,0,0
35,37,4, 7.83,0,0
35,38,3,11.71,0,0
35,39,2,11.26,0,0
35,40,1, 5.52,0,0
35,41,18, 3.84,0,0
36,1,2, 4.62,0,0
36,2,2, 6.23,0,0
36,3,2, 8.67,0,0
36,4,0,00,0
36,5,1,12.86,0,0
36,6,1,13.65,0,0
36,7,1,12.81,0,0
36,8,0,00,0
36,9,6, 9.44,0,0
36,10,1, 9.33,0,0
36,11,8, 7.42,0,0
36,12,0,00,0
36,13,4, 1.46,0,0
36,14,5, 1.97,0,0
36,15,2, 1.61,0,0
36,16,3, 3.67,0,0
36,17,1, 4.86,0,0
36,18,1, 4.63,0,0
36,19,3,11.52,0,0
36,20,2,11.55,0,0
36,21,5,10.97,0,0
36,22,2, 8.89,0,0
36,23,1, 9.09,0,0
36,24,6, 6.37,0,0
36,25,0,00,0
36,26,1, 7.29,0,0
36,27,2,10.58,0,0
36,28,2, 6.92,0,0
36,29,0,00,0
36,30,0,00,0
36,31,2, 7.84,0,0
36,32,2, 6.33,0,0
36,33,1,11.50,0,0
36,34,4, 7.15,0,0
36,35,1, 5.18,0,0
36,36,0,00,0
36,37,2, 9.77,0,0
36,38,2,13.94,0,0
36,39,0,00,0
36,40,0,00,0
36,41,8, 5.19,0,0
37,1,10, 7.61,0,0
37,2,8, 5.83,0,0
37,3,16, 2.29,0,0
37,4,1, 1.88,0,0
37,5,6, 4.26,0,0
37,6,7, 4.49,0,0
37,7,6, 4.08,0,0
37,8,1, 7.74,0,0
37,9,34, 6.78,0,0
37,10,2, 7.59,0,0
37,11,46, 8.06,0,0
37,12,1,10.22,0,0
37,13,23,10.05,0,0
37,14,29,11.19,0,0
37,15,11,11.57,0,0
37,16,13, 8.65,0,0
37,17,11, 7.41,0,0
37,18,11, 9.99,0,0
37,19,14, 3.34,0,0
37,20,10, 3.79,0,0
37,21,26, 7.03,0,0
37,22,14, 6.41,0,0
37,23,6, 6.62,0,0
37,24,35, 8.90,0,0
37,25,2, 3.02,0,0
37,26,5, 3.10,0,0
37,27,7, 2.19,0,0
37,28,10, 6.57,0,0
37,29,0,00,0
37,30,5, 5.77,0,0
37,31,15, 4.42,0,0
37,32,9, 7.01,0,0
37,33,4, 3.17,0,0
37,34,23, 3.62,0,0
37,35,3, 7.27,0,0
37,36,5,12.65,0,0
37,37,0,00,0
37,38,9, 5.71,0,0
37,39,4, 4.93,0,0
37,40,1,10.94,0,0
37,41,46, 8.23,0,0
38,1,1,12.17,0,0
38,2,1,10.51,0,0
38,3,1, 6.78,0,0
38,4,0,00,0
38,5,0,00,0
38,6,1, 3.30,0,0
38,7,1, 3.35,0,0
38,8,1, 6.22,0,0
38,9,2, 6.55,0,0
38,10,0,00,0
38,11,3,12.27,0,0
38,12,0,00,0
38,13,2,13.33,0,0
38,14,2,15.22,0,0
38,15,1,14.73,0,0
38,16,1,13.44,0,0
38,17,1,12.03,0,0
38,18,0,00,0
38,19,1, 2.85,0,0
38,20,0,00,0
38,21,2, 5.93,0,0
38,22,1, 7.78,0,0
38,23,1, 9.03,0,0
38,24,3,11.44,0,0
38,25,0,00,0
38,26,0,00,0
38,27,0,00,0
38,28,1, 8.10,0,0
38,29,0,00,0
38,30,0,00,0
38,31,1, 9.24,0,0
38,32,0,00,0
38,33,0,00,0
38,34,1, 8.46,0,0
38,35,1,11.88,0,0
38,36,0,00,0
38,37,1, 6.45,0,0
38,38,0,00,0
38,39,1, 7.24,0,0
38,40,0,00,0
38,41,3,13.00,0,0
39,1,1,11.38,0,0
39,2,0,00,0
39,3,1, 5.90,0,0
39,4,0,00,0
39,5,1, 5.99,0,0
39,6,0,00,0
39,7,0,00,0
39,8,0,00,0
39,9,2, 2.46,0,0
39,10,0,00,0
39,11,2, 4.58,0,0
39,12,0,00,0
39,13,1, 7.96,0,0
39,14,1,10.34,0,0
39,15,1,10.29,0,0
39,16,1,10.78,0,0
39,17,1,10.38,0,0
39,18,1,10.95,0,0
39,19,1, 4.48,0,0
39,20,1, 3.54,0,0
39,21,1, 3.47,0,0
39,22,1, 1.92,0,0
39,23,0,00,0
39,24,1, 6.18,0,0
39,25,0,00,0
39,26,0,00,0
39,27,0,00,0
39,28,1, 2.48,0,0
39,29,0,00,0
39,30,0,00,0
39,31,0,00,0
39,32,0,00,0
39,33,0,00,0
39,34,1, 6.19,0,0
39,35,1, 9.88,0,0
39,36,0,00,0
39,37,0,00,0
39,38,0,00,0
39,39,0,00,0
39,40,0,00,0
39,41,2,12.54,0,0
40,1,0,00,0
40,2,0,00,0
40,3,0,00,0
40,4,0,00,0
40,5,0,00,0
40,6,0,00,0
40,7,0,00,0
40,8,0,00,0
40,9,0,00,0
40,10,0,00,0
40,11,0,00,0
40,12,0,00,0
40,13,1, 2.86,0,0
40,14,1, 3.08,0,0
40,15,0,00,0
40,16,1, 5.00,0,0
40,17,0,00,0
40,18,0,00,0
40,19,0,00,0
40,20,0,00,0
40,21,0,00,0
40,22,0,00,0
40,23,0,00,0
40,24,0,00,0
40,25,0,00,0
40,26,0,00,0
40,27,0,00,0
40,28,0,00,0
40,29,0,00,0
40,30,0,00,0
40,31,0,00,0
40,32,0,00,0
40,33,0,00,0
40,34,0,00,0
40,35,0,00,0
40,36,0,00,0
40,37,0,00,0
40,38,0,00,0
40,39,0,00,0
40,40,0,00,0
40,41,0,00,0
41,1,10, 1.31,0,0
41,2,7, 3.48,0,0
41,3,15, 7.27,0,0
41,4,1, 9.81,0,0
41,5,5,11.15,0,0
41,6,7,11.64,0,0
41,7,5,12.89,0,0
41,8,0,00,0
41,9,33,16.13,0,0
41,10,2,14.90,0,0
41,11,44,13.62,0,0
41,12,1, 8.79,0,0
41,13,22, 8.21,0,0
41,14,27, 6.04,0,0
41,15,10, 5.48,0,0
41,16,13, 3.04,0,0
41,17,10, 2.63,0,0
41,18,10, 2.97,0,0
41,19,13,10.64,0,0
41,20,9,12.66,0,0
41,21,25,15.39,0,0
41,22,13,14.75,0,0
41,23,6,15.05,0,0
41,24,33,11.59,0,0
41,25,2, 9.97,0,0
41,26,5, 7.38,0,0
41,27,7, 8.35,0,0
41,28,10,12.83,0,0
41,29,0,00,0
41,30,5,14.13,0,0
41,31,13, 5.33,0,0
41,32,9, 2.71,0,0
41,33,4,10.46,0,0
41,34,22, 5.40,0,0
41,35,3, 4.31,0,0
41,36,5, 5.70,0,0
41,37,10, 8.01,0,0
41,38,9,13.06,0,0
41,39,4,15.70,0,0
41,40,1, 7.93,0,0
41,41,0,00,0
