from_node_id,to_node_id,type_code,start_time_in_min,end_time_in_min,total_link_volume,lane_capacity_in_vhc_per_hour,volume_over_capacity_ratio,avg_waiting_time_on_loading_buffer_(min),speed_limit,speed,percentage_of_speed_limit,level_of_service,sensor_data_flag,sensor_link_volume,simulated_link_volume,measurement_error,abs_measurement_error_percentage,simulated_AADT,TotalEnergy_(J/hr),CO2_(g/hr),NOX_(g/hr),CO_(g/hr),HC_(g/hr),sov_volume,hov_volume,truck_volume,intermodal_volume,geometry,from_node_id,to_node_id,vol_d1,vol_d2,spd_d1,spd_d2,
1285,5018,f,300,660,1644,1428.6000,0.0274,67.6060,21.0000,0.2385,1,F,0,0.0000,1644,0.0000,0.0000,16440.0000,0.0000,0.0000,0.0000,0.0000,0.0000,1644,0,0,0,"<LineString><coordinates>-111.943374,40.616438,0.0 -111.938854,40.616721,0.0</coordinates></LineString>",1285,5018,
5018,1285,f,300,660,990,1428.6000,0.0165,0.0000,21.0000,20.3659,97,A,0,0.0000,990,0.0000,0.0000,9900.0000,0.0000,0.0000,0.0000,0.0000,0.0000,990,0,0,0,"<LineString><coordinates>-111.938856,40.616752,0.0 -111.943376,40.616469,0.0</coordinates></LineString>",5018,1285,
1286,11125,f,300,660,3365,1428.6000,0.0561,248.0068,21.0000,0.1662,1,F,0,0.0000,3365,0.0000,0.0000,33650.0000,0.0000,0.0000,0.0000,0.0000,0.0000,3365,0,0,0,"<LineString><coordinates>-111.934218,40.630776,0.0 -111.933985,40.624023,0.0</coordinates></LineString>",1286,11125,
11125,1286,f,300,660,550,1428.6000,0.0092,0.0000,21.0000,20.1362,96,A,0,0.0000,550,0.0000,0.0000,5500.0000,0.0000,0.0000,0.0000,0.0000,0.0000,550,0,0,0,"<LineString><coordinates>-111.933954,40.624024,0.0 -111.934187,40.630777,0.0</coordinates></LineString>",11125,1286,
1289,4952,f,300,660,983,1428.6000,0.0164,0.0411,21.0000,0.6284,3,F,0,0.0000,983,0.0000,0.0000,9830.0000,0.0000,0.0000,0.0000,0.0000,0.0000,983,0,0,0,"<LineString><coordinates>-111.933868,40.616691,0.0 -111.929251,40.616658,0.0</coordinates></LineString>",1289,4952,
4952,1289,f,300,660,1276,1428.6000,0.0213,0.0000,21.0000,20.5669,98,A,0,0.0000,1276,0.0000,0.0000,12760.0000,0.0000,0.0000,0.0000,0.0000,0.0000,1276,0,0,0,"<LineString><coordinates>-111.929251,40.616689,0.0 -111.933868,40.616722,0.0</coordinates></LineString>",4952,1289,
1289,5018,f,300,660,2789,1428.6000,0.0465,53.4957,21.0000,0.3743,2,F,0,0.0000,2789,0.0000,0.0000,27890.0000,0.0000,0.0000,0.0000,0.0000,0.0000,2789,0,0,0,"<LineString><coordinates>-111.933868,40.616722,0.0 -111.938855,40.616752,0.0</coordinates></LineString>",1289,5018,
5018,1289,f,300,660,1308,1428.6000,0.0218,0.0000,21.0000,19.9160,95,A,0,0.0000,1308,0.0000,0.0000,13080.0000,0.0000,0.0000,0.0000,0.0000,0.0000,1308,0,0,0,"<LineString><coordinates>-111.938855,40.616721,0.0 -111.933868,40.616691,0.0</coordinates></LineString>",5018,1289,
1289,11124,f,300,660,293,1428.6000,0.0049,0.0198,21.0000,0.4685,2,F,0,0.0000,293,0.0000,0.0000,2930.0000,0.0000,0.0000,0.0000,0.0000,0.0000,293,0,0,0,"<LineString><coordinates>-111.933883,40.616703,0.0 -111.931834,40.609522,0.0</coordinates></LineString>",1289,11124,
11124,1289,f,300,660,571,1428.6000,0.0095,0.0000,21.0000,20.9253,100,A,0,0.0000,571,0.0000,0.0000,5710.0000,0.0000,0.0000,0.0000,0.0000,0.0000,571,0,0,0,"<LineString><coordinates>-111.931804,40.609531,0.0 -111.933853,40.616711,0.0</coordinates></LineString>",11124,1289,
1289,11125,f,300,660,421,1428.6000,0.0070,0.0175,21.0000,0.8029,4,F,0,0.0000,421,0.0000,0.0000,4210.0000,0.0000,0.0000,0.0000,0.0000,0.0000,421,0,0,0,"<LineString><coordinates>-111.933852,40.616707,0.0 -111.933954,40.624024,0.0</coordinates></LineString>",1289,11125,
11125,1289,f,300,660,227,1428.6000,0.0038,0.0000,21.0000,20.7261,99,A,0,0.0000,227,0.0000,0.0000,2270.0000,0.0000,0.0000,0.0000,0.0000,0.0000,227,0,0,0,"<LineString><coordinates>-111.933985,40.624023,0.0 -111.933884,40.616707,0.0</coordinates></LineString>",11125,1289,
1290,4952,f,300,660,527,1428.6000,0.0088,0.0640,21.0000,0.3772,2,F,0,0.0000,527,0.0000,0.0000,5270.0000,0.0000,0.0000,0.0000,0.0000,0.0000,527,0,0,0,"<LineString><coordinates>-111.924504,40.617150,0.0 -111.929252,40.616689,0.0</coordinates></LineString>",1290,4952,
4952,1290,f,300,660,246,1428.6000,0.0041,0.0000,21.0000,20.5203,98,A,0,0.0000,246,0.0000,0.0000,2460.0000,0.0000,0.0000,0.0000,0.0000,0.0000,246,0,0,0,"<LineString><coordinates>-111.929249,40.616658,0.0 -111.924501,40.617118,0.0</coordinates></LineString>",4952,1290,
1296,5240,f,300,660,456,1428.6000,0.0076,19.1131,21.0000,0.1186,1,F,0,0.0000,456,0.0000,0.0000,4560.0000,0.0000,0.0000,0.0000,0.0000,0.0000,456,0,0,0,"<LineString><coordinates>-111.915634,40.613707,0.0 -111.911925,40.614654,0.0</coordinates></LineString>",1296,5240,
5240,1296,f,300,660,93,1428.6000,0.0015,0.0000,21.0000,20.2245,96,A,0,0.0000,93,0.0000,0.0000,930.0000,0.0000,0.0000,0.0000,0.0000,0.0000,93,0,0,0,"<LineString><coordinates>-111.911933,40.614684,0.0 -111.915641,40.613737,0.0</coordinates></LineString>",5240,1296,
1299,4958,f,300,660,852,1428.6000,0.0142,0.0080,21.0000,1.3833,7,F,0,0.0000,852,0.0000,0.0000,8520.0000,0.0000,0.0000,0.0000,0.0000,0.0000,852,0,0,0,"<LineString><coordinates>-111.908042,40.616184,0.0 -111.910220,40.618540,0.0</coordinates></LineString>",1299,4958,
4958,1299,f,300,660,43,1428.6000,0.0007,0.0000,21.0000,19.3587,92,A,0,0.0000,43,0.0000,0.0000,430.0000,0.0000,0.0000,0.0000,0.0000,0.0000,43,0,0,0,"<LineString><coordinates>-111.910243,40.618519,0.0 -111.908065,40.616163,0.0</coordinates></LineString>",4958,1299,
1299,11129,f,300,660,110,1428.6000,0.0018,0.0598,21.0000,0.4033,2,F,0,0.0000,110,0.0000,0.0000,1100.0000,0.0000,0.0000,0.0000,0.0000,0.0000,110,0,0,0,"<LineString><coordinates>-111.908069,40.616173,0.0 -111.907654,40.610910,0.0</coordinates></LineString>",1299,11129,
11129,1299,f,300,660,818,1428.6000,0.0136,0.0000,21.0000,20.8770,99,A,0,0.0000,818,0.0000,0.0000,8180.0000,0.0000,0.0000,0.0000,0.0000,0.0000,818,0,0,0,"<LineString><coordinates>-111.907623,40.610912,0.0 -111.908038,40.616175,0.0</coordinates></LineString>",11129,1299,
1314,11146,f,300,660,407,1428.6000,0.0068,0.0512,21.0000,0.3121,1,F,0,0.0000,407,0.0000,0.0000,4070.0000,0.0000,0.0000,0.0000,0.0000,0.0000,407,0,0,0,"<LineString><coordinates>-111.944075,40.606310,0.0 -111.938859,40.605883,0.0</coordinates></LineString>",1314,11146,
11146,1314,f,300,660,212,1428.6000,0.0035,0.0000,21.0000,20.6483,98,A,0,0.0000,212,0.0000,0.0000,2120.0000,0.0000,0.0000,0.0000,0.0000,0.0000,212,0,0,0,"<LineString><coordinates>-111.938857,40.605914,0.0 -111.944072,40.606341,0.0</coordinates></LineString>",11146,1314,
1316,11148,f,300,660,431,1428.6000,0.0072,0.0543,21.0000,0.2687,1,F,0,0.0000,431,0.0000,0.0000,4310.0000,0.0000,0.0000,0.0000,0.0000,0.0000,431,0,0,0,"<LineString><coordinates>-111.943562,40.597991,0.0 -111.938790,40.599023,0.0</coordinates></LineString>",1316,11148,
11148,1316,f,300,660,206,1428.6000,0.0034,0.0000,21.0000,19.6730,94,A,0,0.0000,206,0.0000,0.0000,2060.0000,0.0000,0.0000,0.0000,0.0000,0.0000,206,0,0,0,"<LineString><coordinates>-111.938796,40.599054,0.0 -111.943568,40.598022,0.0</coordinates></LineString>",11148,1316,
1318,11160,f,300,660,382,1428.6000,0.0064,0.0613,21.0000,0.2252,1,F,0,0.0000,382,0.0000,0.0000,3820.0000,0.0000,0.0000,0.0000,0.0000,0.0000,382,0,0,0,"<LineString><coordinates>-111.943411,40.590875,0.0 -111.938878,40.590829,0.0</coordinates></LineString>",1318,11160,
11160,1318,f,300,660,235,1428.6000,0.0039,0.0000,21.0000,20.4307,97,A,0,0.0000,235,0.0000,0.0000,2350.0000,0.0000,0.0000,0.0000,0.0000,0.0000,235,0,0,0,"<LineString><coordinates>-111.938878,40.590860,0.0 -111.943410,40.590906,0.0</coordinates></LineString>",11160,1318,
1319,11124,f,300,660,838,1428.6000,0.0140,38.6811,21.0000,0.1925,1,F,0,0.0000,838,0.0000,0.0000,8380.0000,0.0000,0.0000,0.0000,0.0000,0.0000,838,0,0,0,"<LineString><coordinates>-111.934398,40.607285,0.0 -111.931809,40.609514,0.0</coordinates></LineString>",1319,11124,
11124,1319,f,300,660,504,1428.6000,0.0084,0.0000,21.0000,20.6321,98,A,0,0.0000,504,0.0000,0.0000,5040.0000,0.0000,0.0000,0.0000,0.0000,0.0000,504,0,0,0,"<LineString><coordinates>-111.931829,40.609538,0.0 -111.934418,40.607309,0.0</coordinates></LineString>",11124,1319,
1320,5820,f,300,660,365,1428.6000,0.0061,0.0399,21.0000,2.1042,10,F,0,0.0000,365,0.0000,0.0000,3650.0000,0.0000,0.0000,0.0000,0.0000,0.0000,365,0,0,0,"<LineString><coordinates>-111.934144,40.599980,0.0 -111.929258,40.603308,0.0</coordinates></LineString>",1320,5820,
5820,1320,f,300,660,1155,1428.6000,0.0192,0.0000,21.0000,20.8987,100,A,0,0.0000,1155,0.0000,0.0000,11550.0000,0.0000,0.0000,0.0000,0.0000,0.0000,1155,0,0,0,"<LineString><coordinates>-111.929275,40.603334,0.0 -111.934161,40.600005,0.0</coordinates></LineString>",5820,1320,
1320,11148,f,300,660,1571,1428.6000,0.0262,0.8210,21.0000,0.6175,3,F,0,0.0000,1571,0.0000,0.0000,15710.0000,0.0000,0.0000,0.0000,0.0000,0.0000,1571,0,0,0,"<LineString><coordinates>-111.934155,40.600008,0.0 -111.938796,40.599054,0.0</coordinates></LineString>",1320,11148,
11148,1320,f,300,660,420,1428.6000,0.0070,0.0000,21.0000,19.4355,93,A,0,0.0000,420,0.0000,0.0000,4200.0000,0.0000,0.0000,0.0000,0.0000,0.0000,420,0,0,0,"<LineString><coordinates>-111.938790,40.599023,0.0 -111.934149,40.599977,0.0</coordinates></LineString>",11148,1320,
1322,5589,f,300,660,694,1428.6000,0.0116,0.0542,21.0000,0.3979,2,F,0,0.0000,694,0.0000,0.0000,6940.0000,0.0000,0.0000,0.0000,0.0000,0.0000,694,0,0,0,"<LineString><coordinates>-111.934364,40.591005,0.0 -111.934078,40.587780,0.0</coordinates></LineString>",1322,5589,
5589,1322,f,300,660,417,1428.6000,0.0069,0.0000,21.0000,20.8775,99,A,0,0.0000,417,0.0000,0.0000,4170.0000,0.0000,0.0000,0.0000,0.0000,0.0000,417,0,0,0,"<LineString><coordinates>-111.934047,40.587783,0.0 -111.934333,40.591007,0.0</coordinates></LineString>",5589,1322,
1322,11161,f,300,660,311,1428.6000,0.0052,0.0436,21.0000,0.2144,1,F,0,0.0000,311,0.0000,0.0000,3110.0000,0.0000,0.0000,0.0000,0.0000,0.0000,311,0,0,0,"<LineString><coordinates>-111.934349,40.590990,0.0 -111.929272,40.591031,0.0</coordinates></LineString>",1322,11161,
11161,1322,f,300,660,264,1428.6000,0.0044,0.0000,21.0000,20.5577,98,A,0,0.0000,264,0.0000,0.0000,2640.0000,0.0000,0.0000,0.0000,0.0000,0.0000,264,0,0,0,"<LineString><coordinates>-111.929272,40.591062,0.0 -111.934349,40.591021,0.0</coordinates></LineString>",11161,1322,
1323,5592,f,300,660,700,1428.6000,0.0117,0.0603,21.0000,0.4310,2,F,0,0.0000,700,0.0000,0.0000,7000.0000,0.0000,0.0000,0.0000,0.0000,0.0000,700,0,0,0,"<LineString><coordinates>-111.921433,40.591612,0.0 -111.922190,40.587745,0.0</coordinates></LineString>",1323,5592,
5592,1323,f,300,660,389,1428.6000,0.0065,0.0000,21.0000,19.8580,95,A,0,0.0000,389,0.0000,0.0000,3890.0000,0.0000,0.0000,0.0000,0.0000,0.0000,389,0,0,0,"<LineString><coordinates>-111.922159,40.587739,0.0 -111.921403,40.591606,0.0</coordinates></LineString>",5592,1323,
1325,10853,f,300,660,42,1428.6000,0.0007,0.0508,16.0000,0.2821,2,F,0,0.0000,42,0.0000,0.0000,420.0000,0.0000,0.0000,0.0000,0.0000,0.0000,42,0,0,0,"<LineString><coordinates>-111.907451,40.592328,0.0 -111.904442,40.592369,0.0</coordinates></LineString>",1325,10853,
10853,1325,f,300,660,24,1428.6000,0.0004,0.0000,16.0000,15.7437,98,A,0,0.0000,24,0.0000,0.0000,240.0000,0.0000,0.0000,0.0000,0.0000,0.0000,24,0,0,0,"<LineString><coordinates>-111.904442,40.592400,0.0 -111.907451,40.592360,0.0</coordinates></LineString>",10853,1325,
1346,11172,f,300,660,453,1428.6000,0.0075,0.0609,21.0000,0.1755,1,F,0,0.0000,453,0.0000,0.0000,4530.0000,0.0000,0.0000,0.0000,0.0000,0.0000,453,0,0,0,"<LineString><coordinates>-111.943605,40.584076,0.0 -111.938818,40.584155,0.0</coordinates></LineString>",1346,11172,
11172,1346,f,300,660,249,1428.6000,0.0041,0.0000,21.0000,21.0000,100,A,0,0.0000,249,0.0000,0.0000,2490.0000,0.0000,0.0000,0.0000,0.0000,0.0000,249,0,0,0,"<LineString><coordinates>-111.938819,40.584187,0.0 -111.943605,40.584108,0.0</coordinates></LineString>",11172,1346,
1348,5210,f,300,660,477,1428.6000,0.0079,0.0604,21.0000,0.1745,1,F,0,0.0000,477,0.0000,0.0000,4770.0000,0.0000,0.0000,0.0000,0.0000,0.0000,477,0,0,0,"<LineString><coordinates>-111.943542,40.576969,0.0 -111.938741,40.576945,0.0</coordinates></LineString>",1348,5210,
5210,1348,f,300,660,223,1428.6000,0.0037,0.0000,21.0000,19.1429,91,A,0,0.0000,223,0.0000,0.0000,2230.0000,0.0000,0.0000,0.0000,0.0000,0.0000,223,0,0,0,"<LineString><coordinates>-111.938741,40.576976,0.0 -111.943542,40.577000,0.0</coordinates></LineString>",5210,1348,
1349,5210,f,300,660,754,1428.6000,0.0126,38.3793,21.0000,0.1562,1,F,0,0.0000,754,0.0000,0.0000,7540.0000,0.0000,0.0000,0.0000,0.0000,0.0000,754,0,0,0,"<LineString><coordinates>-111.934352,40.576885,0.0 -111.938740,40.576976,0.0</coordinates></LineString>",1349,5210,
5210,1349,f,300,660,435,1428.6000,0.0072,0.0000,21.0000,20.1121,96,A,0,0.0000,435,0.0000,0.0000,4350.0000,0.0000,0.0000,0.0000,0.0000,0.0000,435,0,0,0,"<LineString><coordinates>-111.938741,40.576945,0.0 -111.934352,40.576854,0.0</coordinates></LineString>",5210,1349,
1349,5219,f,300,660,462,1428.6000,0.0077,0.0154,21.0000,0.2375,1,F,0,0.0000,462,0.0000,0.0000,4620.0000,0.0000,0.0000,0.0000,0.0000,0.0000,462,0,0,0,"<LineString><coordinates>-111.934352,40.576854,0.0 -111.929172,40.576724,0.0</coordinates></LineString>",1349,5219,
5219,1349,f,300,660,277,1428.6000,0.0046,0.0000,21.0000,20.7435,99,A,0,0.0000,277,0.0000,0.0000,2770.0000,0.0000,0.0000,0.0000,0.0000,0.0000,277,0,0,0,"<LineString><coordinates>-111.929171,40.576756,0.0 -111.934352,40.576885,0.0</coordinates></LineString>",5219,1349,
1349,11181,f,300,660,395,1428.6000,0.0066,0.0415,21.0000,0.2733,1,F,0,0.0000,395,0.0000,0.0000,3950.0000,0.0000,0.0000,0.0000,0.0000,0.0000,395,0,0,0,"<LineString><coordinates>-111.934364,40.576859,0.0 -111.931043,40.573162,0.0</coordinates></LineString>",1349,11181,
11181,1349,f,300,660,374,1428.6000,0.0062,0.0000,21.0000,20.8432,99,A,0,0.0000,374,0.0000,0.0000,3740.0000,0.0000,0.0000,0.0000,0.0000,0.0000,374,0,0,0,"<LineString><coordinates>-111.931019,40.573183,0.0 -111.934340,40.576880,0.0</coordinates></LineString>",11181,1349,
1351,5209,f,300,660,543,1428.6000,0.0090,2.0177,21.0000,0.1651,1,F,0,0.0000,543,0.0000,0.0000,5430.0000,0.0000,0.0000,0.0000,0.0000,0.0000,543,0,0,0,"<LineString><coordinates>-111.943535,40.567985,0.0 -111.938738,40.568067,0.0</coordinates></LineString>",1351,5209,
5209,1351,f,300,660,251,1428.6000,0.0042,0.0000,21.0000,19.0777,91,A,0,0.0000,251,0.0000,0.0000,2510.0000,0.0000,0.0000,0.0000,0.0000,0.0000,251,0,0,0,"<LineString><coordinates>-111.938738,40.568098,0.0 -111.943536,40.568016,0.0</coordinates></LineString>",5209,1351,
1352,5209,f,300,660,1133,1428.6000,0.0189,110.4407,21.0000,0.1368,1,F,0,0.0000,1133,0.0000,0.0000,11330.0000,0.0000,0.0000,0.0000,0.0000,0.0000,1133,0,0,0,"<LineString><coordinates>-111.933962,40.567891,0.0 -111.938737,40.568098,0.0</coordinates></LineString>",1352,5209,
5209,1352,f,300,660,609,1428.6000,0.0101,0.0000,21.0000,21.0000,100,A,0,0.0000,609,0.0000,0.0000,6090.0000,0.0000,0.0000,0.0000,0.0000,0.0000,609,0,0,0,"<LineString><coordinates>-111.938739,40.568067,0.0 -111.933964,40.567860,0.0</coordinates></LineString>",5209,1352,
1352,6256,f,300,660,754,1428.6000,0.0126,0.0262,21.0000,0.2731,1,F,0,0.0000,754,0.0000,0.0000,7540.0000,0.0000,0.0000,0.0000,0.0000,0.0000,754,0,0,0,"<LineString><coordinates>-111.933962,40.567860,0.0 -111.929139,40.568028,0.0</coordinates></LineString>",1352,6256,
6256,1352,f,300,660,428,1428.6000,0.0071,0.0000,21.0000,19.9681,95,A,0,0.0000,428,0.0000,0.0000,4280.0000,0.0000,0.0000,0.0000,0.0000,0.0000,428,0,0,0,"<LineString><coordinates>-111.929140,40.568059,0.0 -111.933963,40.567891,0.0</coordinates></LineString>",6256,1352,
1352,11181,f,300,660,465,1428.6000,0.0077,0.0133,21.0000,0.3396,2,F,0,0.0000,465,0.0000,0.0000,4650.0000,0.0000,0.0000,0.0000,0.0000,0.0000,465,0,0,0,"<LineString><coordinates>-111.933949,40.567868,0.0 -111.931017,40.573165,0.0</coordinates></LineString>",1352,11181,
11181,1352,f,300,660,334,1428.6000,0.0056,0.0000,21.0000,20.8161,99,A,0,0.0000,334,0.0000,0.0000,3340.0000,0.0000,0.0000,0.0000,0.0000,0.0000,334,0,0,0,"<LineString><coordinates>-111.931045,40.573180,0.0 -111.933977,40.567883,0.0</coordinates></LineString>",11181,1352,
1352,11261,f,300,660,351,1428.6000,0.0058,0.0237,21.0000,0.2962,1,F,0,0.0000,351,0.0000,0.0000,3510.0000,0.0000,0.0000,0.0000,0.0000,0.0000,351,0,0,0,"<LineString><coordinates>-111.933978,40.567877,0.0 -111.934628,40.562300,0.0</coordinates></LineString>",1352,11261,
11261,1352,f,300,660,668,1428.6000,0.0111,0.0000,21.0000,21.0000,100,A,0,0.0000,668,0.0000,0.0000,6680.0000,0.0000,0.0000,0.0000,0.0000,0.0000,668,0,0,0,"<LineString><coordinates>-111.934597,40.562296,0.0 -111.933947,40.567874,0.0</coordinates></LineString>",11261,1352,
1353,5589,f,300,660,623,1428.6000,0.0104,0.0256,21.0000,0.8795,4,F,0,0.0000,623,0.0000,0.0000,6230.0000,0.0000,0.0000,0.0000,0.0000,0.0000,623,0,0,0,"<LineString><coordinates>-111.934250,40.584067,0.0 -111.934047,40.587780,0.0</coordinates></LineString>",1353,5589,
5589,1353,f,300,660,259,1428.6000,0.0043,0.0000,21.0000,20.2831,97,A,0,0.0000,259,0.0000,0.0000,2590.0000,0.0000,0.0000,0.0000,0.0000,0.0000,259,0,0,0,"<LineString><coordinates>-111.934078,40.587782,0.0 -111.934282,40.584068,0.0</coordinates></LineString>",5589,1353,
1353,11172,f,300,660,861,1428.6000,0.0143,20.7525,21.0000,0.1794,1,F,0,0.0000,861,0.0000,0.0000,8610.0000,0.0000,0.0000,0.0000,0.0000,0.0000,861,0,0,0,"<LineString><coordinates>-111.934266,40.584083,0.0 -111.938818,40.584187,0.0</coordinates></LineString>",1353,11172,
11172,1353,f,300,660,373,1428.6000,0.0062,0.0000,21.0000,20.5129,98,A,0,0.0000,373,0.0000,0.0000,3730.0000,0.0000,0.0000,0.0000,0.0000,0.0000,373,0,0,0,"<LineString><coordinates>-111.938819,40.584155,0.0 -111.934266,40.584052,0.0</coordinates></LineString>",11172,1353,
1353,11173,f,300,660,159,1428.6000,0.0026,0.0173,21.0000,0.3558,2,F,0,0.0000,159,0.0000,0.0000,1590.0000,0.0000,0.0000,0.0000,0.0000,0.0000,159,0,0,0,"<LineString><coordinates>-111.934265,40.584052,0.0 -111.929245,40.584353,0.0</coordinates></LineString>",1353,11173,
11173,1353,f,300,660,476,1428.6000,0.0079,0.0000,21.0000,20.8124,99,A,0,0.0000,476,0.0000,0.0000,4760.0000,0.0000,0.0000,0.0000,0.0000,0.0000,476,0,0,0,"<LineString><coordinates>-111.929247,40.584384,0.0 -111.934267,40.584083,0.0</coordinates></LineString>",11173,1353,
1354,5592,f,300,660,100,1428.6000,0.0017,0.0184,16.0000,0.3298,2,F,0,0.0000,100,0.0000,0.0000,1000.0000,0.0000,0.0000,0.0000,0.0000,0.0000,100,0,0,0,"<LineString><coordinates>-111.923413,40.584049,0.0 -111.922160,40.587737,0.0</coordinates></LineString>",1354,5592,
5592,1354,f,300,660,77,1428.6000,0.0013,0.0000,16.0000,15.8635,99,A,0,0.0000,77,0.0000,0.0000,770.0000,0.0000,0.0000,0.0000,0.0000,0.0000,77,0,0,0,"<LineString><coordinates>-111.922189,40.587747,0.0 -111.923443,40.584059,0.0</coordinates></LineString>",5592,1354,
1354,11173,f,300,660,697,1428.6000,0.0116,13.6613,16.0000,0.2091,1,F,0,0.0000,697,0.0000,0.0000,6970.0000,0.0000,0.0000,0.0000,0.0000,0.0000,697,0,0,0,"<LineString><coordinates>-111.923427,40.584070,0.0 -111.929245,40.584384,0.0</coordinates></LineString>",1354,11173,
11173,1354,f,300,660,240,1428.6000,0.0040,0.0000,16.0000,15.5275,97,A,0,0.0000,240,0.0000,0.0000,2400.0000,0.0000,0.0000,0.0000,0.0000,0.0000,240,0,0,0,"<LineString><coordinates>-111.929247,40.584353,0.0 -111.923429,40.584039,0.0</coordinates></LineString>",11173,1354,
1355,5219,f,300,660,527,1428.6000,0.0088,24.5554,21.0000,0.1273,1,F,0,0.0000,527,0.0000,0.0000,5270.0000,0.0000,0.0000,0.0000,0.0000,0.0000,527,0,0,0,"<LineString><coordinates>-111.924746,40.576647,0.0 -111.929171,40.576756,0.0</coordinates></LineString>",1355,5219,
5219,1355,f,300,660,432,1428.6000,0.0072,0.0000,21.0000,20.5179,98,A,0,0.0000,432,0.0000,0.0000,4320.0000,0.0000,0.0000,0.0000,0.0000,0.0000,432,0,0,0,"<LineString><coordinates>-111.929172,40.576724,0.0 -111.924747,40.576616,0.0</coordinates></LineString>",5219,1355,
1355,11183,f,300,660,415,1428.6000,0.0069,0.0295,21.0000,0.2488,1,F,0,0.0000,415,0.0000,0.0000,4150.0000,0.0000,0.0000,0.0000,0.0000,0.0000,415,0,0,0,"<LineString><coordinates>-111.924761,40.576627,0.0 -111.923421,40.572472,0.0</coordinates></LineString>",1355,11183,
11183,1355,f,300,660,90,1428.6000,0.0015,0.0000,21.0000,20.5448,98,A,0,0.0000,90,0.0000,0.0000,900.0000,0.0000,0.0000,0.0000,0.0000,0.0000,90,0,0,0,"<LineString><coordinates>-111.923391,40.572481,0.0 -111.924732,40.576636,0.0</coordinates></LineString>",11183,1355,
1356,6255,f,300,660,469,1428.6000,0.0078,0.0052,21.0000,3.6487,17,F,0,0.0000,469,0.0000,0.0000,4690.0000,0.0000,0.0000,0.0000,0.0000,0.0000,469,0,0,0,"<LineString><coordinates>-111.924118,40.567163,0.0 -111.919631,40.565856,0.0</coordinates></LineString>",1356,6255,
6255,1356,f,300,660,290,1428.6000,0.0048,0.0000,21.0000,20.9079,100,A,0,0.0000,290,0.0000,0.0000,2900.0000,0.0000,0.0000,0.0000,0.0000,0.0000,290,0,0,0,"<LineString><coordinates>-111.919622,40.565886,0.0 -111.924110,40.567192,0.0</coordinates></LineString>",6255,1356,
1356,6256,f,300,660,349,1428.6000,0.0058,0.0235,21.0000,0.4980,2,F,0,0.0000,349,0.0000,0.0000,3490.0000,0.0000,0.0000,0.0000,0.0000,0.0000,349,0,0,0,"<LineString><coordinates>-111.924111,40.567193,0.0 -111.929136,40.568059,0.0</coordinates></LineString>",1356,6256,
6256,1356,f,300,660,386,1428.6000,0.0064,0.0000,21.0000,20.9168,100,A,0,0.0000,386,0.0000,0.0000,3860.0000,0.0000,0.0000,0.0000,0.0000,0.0000,386,0,0,0,"<LineString><coordinates>-111.929142,40.568028,0.0 -111.924117,40.567162,0.0</coordinates></LineString>",6256,1356,
1356,11183,f,300,660,42,1428.6000,0.0007,0.0588,21.0000,21.0000,100,A,0,0.0000,42,0.0000,0.0000,420.0000,0.0000,0.0000,0.0000,0.0000,0.0000,42,0,0,0,"<LineString><coordinates>-111.924098,40.567175,0.0 -111.923391,40.572474,0.0</coordinates></LineString>",1356,11183,
11183,1356,f,300,660,138,1428.6000,0.0023,0.0000,21.0000,20.8233,99,A,0,0.0000,138,0.0000,0.0000,1380.0000,0.0000,0.0000,0.0000,0.0000,0.0000,138,0,0,0,"<LineString><coordinates>-111.923422,40.572479,0.0 -111.924129,40.567180,0.0</coordinates></LineString>",11183,1356,
1356,11259,f,300,660,87,1428.6000,0.0014,0.0314,21.0000,0.2753,1,F,0,0.0000,87,0.0000,0.0000,870.0000,0.0000,0.0000,0.0000,0.0000,0.0000,87,0,0,0,"<LineString><coordinates>-111.924128,40.567185,0.0 -111.926751,40.562016,0.0</coordinates></LineString>",1356,11259,
11259,1356,f,300,660,55,1428.6000,0.0009,0.0000,21.0000,20.8748,99,A,0,0.0000,55,0.0000,0.0000,550.0000,0.0000,0.0000,0.0000,0.0000,0.0000,55,0,0,0,"<LineString><coordinates>-111.926723,40.562002,0.0 -111.924100,40.567170,0.0</coordinates></LineString>",11259,1356,
1357,5174,f,300,660,1688,1428.6000,0.0281,0.0039,21.0000,1.3144,6,F,0,0.0000,1688,0.0000,0.0000,16880.0000,0.0000,0.0000,0.0000,0.0000,0.0000,1688,0,0,0,"<LineString><coordinates>-111.914318,40.565108,0.0 -111.913885,40.559070,0.0</coordinates></LineString>",1357,5174,
5174,1357,f,300,660,1239,1428.6000,0.0206,0.0000,21.0000,20.9880,100,A,0,0.0000,1239,0.0000,0.0000,12390.0000,0.0000,0.0000,0.0000,0.0000,0.0000,1239,0,0,0,"<LineString><coordinates>-111.913854,40.559073,0.0 -111.914287,40.565110,0.0</coordinates></LineString>",5174,1357,
1357,5588,f,300,660,1333,1428.6000,0.0222,0.0040,21.0000,3.6670,17,F,0,0.0000,1333,0.0000,0.0000,13330.0000,0.0000,0.0000,0.0000,0.0000,0.0000,1333,0,0,0,"<LineString><coordinates>-111.914288,40.565115,0.0 -111.917003,40.571993,0.0</coordinates></LineString>",1357,5588,
5588,1357,f,300,660,1385,1428.6000,0.0231,0.0000,21.0000,21.0000,100,A,0,0.0000,1385,0.0000,0.0000,13850.0000,0.0000,0.0000,0.0000,0.0000,0.0000,1385,0,0,0,"<LineString><coordinates>-111.917032,40.571982,0.0 -111.914317,40.565103,0.0</coordinates></LineString>",5588,1357,
1357,6255,f,300,660,155,1428.6000,0.0026,0.0115,21.0000,1.1209,5,F,0,0.0000,155,0.0000,0.0000,1550.0000,0.0000,0.0000,0.0000,0.0000,0.0000,155,0,0,0,"<LineString><coordinates>-111.914300,40.565125,0.0 -111.919624,40.565886,0.0</coordinates></LineString>",1357,6255,
6255,1357,f,300,660,475,1428.6000,0.0079,0.0000,21.0000,20.9597,100,A,0,0.0000,475,0.0000,0.0000,4750.0000,0.0000,0.0000,0.0000,0.0000,0.0000,475,0,0,0,"<LineString><coordinates>-111.919628,40.565855,0.0 -111.914304,40.565094,0.0</coordinates></LineString>",6255,1357,
1359,6185,f,300,660,937,1428.6000,0.0156,6.5678,21.0000,0.2507,1,F,0,0.0000,937,0.0000,0.0000,9370.0000,0.0000,0.0000,0.0000,0.0000,0.0000,937,0,0,0,"<LineString><coordinates>-111.911828,40.577707,0.0 -111.905518,40.575739,0.0</coordinates></LineString>",1359,6185,
6185,1359,f,300,660,553,1428.6000,0.0092,0.0000,21.0000,20.5042,98,A,0,0.0000,553,0.0000,0.0000,5530.0000,0.0000,0.0000,0.0000,0.0000,0.0000,553,0,0,0,"<LineString><coordinates>-111.905509,40.575769,0.0 -111.911819,40.577737,0.0</coordinates></LineString>",6185,1359,
1360,10850,f,300,660,0,1428.6000,0.0000,0.0000,16.0000,16.0000,100,A,0,0.0000,0,0.0000,0.0000,0.0000,0.0000,0.0000,0.0000,0.0000,0.0000,0,0,0,0,"<LineString><coordinates>-111.901825,40.584042,0.0 -111.904167,40.585637,0.0</coordinates></LineString>",1360,10850,
10850,1360,f,300,660,234,1428.6000,0.0039,0.0000,16.0000,15.6016,98,A,0,0.0000,234,0.0000,0.0000,2340.0000,0.0000,0.0000,0.0000,0.0000,0.0000,234,0,0,0,"<LineString><coordinates>-111.904184,40.585612,0.0 -111.901843,40.584016,0.0</coordinates></LineString>",10850,1360,
1360,11489,f,300,660,0,1428.6000,0.0000,0.0000,16.0000,16.0000,100,A,0,0.0000,0,0.0000,0.0000,0.0000,0.0000,0.0000,0.0000,0.0000,0.0000,0,0,0,0,"<LineString><coordinates>-111.901849,40.584033,0.0 -111.902668,40.580650,0.0</coordinates></LineString>",1360,11489,
11489,1360,f,300,660,147,1428.6000,0.0024,0.0000,16.0000,15.8450,99,A,0,0.0000,147,0.0000,0.0000,1470.0000,0.0000,0.0000,0.0000,0.0000,0.0000,147,0,0,0,"<LineString><coordinates>-111.902637,40.580643,0.0 -111.901819,40.584026,0.0</coordinates></LineString>",11489,1360,
1361,5728,f,300,660,3,1428.6000,0.0000,0.0000,16.0000,16.0000,100,A,0,0.0000,3,0.0000,0.0000,30.0000,0.0000,0.0000,0.0000,0.0000,0.0000,3,0,0,0,"<LineString><coordinates>-111.902504,40.575671,0.0 -111.900806,40.573565,0.0</coordinates></LineString>",1361,5728,
5728,1361,f,300,660,454,1428.6000,0.0076,0.0000,16.0000,15.0806,94,A,0,0.0000,454,0.0000,0.0000,4540.0000,0.0000,0.0000,0.0000,0.0000,0.0000,454,0,0,0,"<LineString><coordinates>-111.900782,40.573584,0.0 -111.902480,40.575690,0.0</coordinates></LineString>",5728,1361,
1397,11261,f,300,660,2804,1428.6000,0.0467,253.7797,21.0000,0.1628,1,F,0,0.0000,2804,0.0000,0.0000,28040.0000,0.0000,0.0000,0.0000,0.0000,0.0000,2804,0,0,0,"<LineString><coordinates>-111.936573,40.553562,0.0 -111.934597,40.562294,0.0</coordinates></LineString>",1397,11261,
11261,1397,f,300,660,982,1428.6000,0.0164,0.0000,21.0000,20.4623,97,A,0,0.0000,982,0.0000,0.0000,9820.0000,0.0000,0.0000,0.0000,0.0000,0.0000,982,0,0,0,"<LineString><coordinates>-111.934627,40.562301,0.0 -111.936604,40.553569,0.0</coordinates></LineString>",11261,1397,
1404,11257,f,300,660,9,1428.6000,0.0001,0.0476,16.0000,0.1180,1,F,0,0.0000,9,0.0000,0.0000,90.0000,0.0000,0.0000,0.0000,0.0000,0.0000,9,0,0,0,"<LineString><coordinates>-111.908169,40.571762,0.0 -111.908387,40.569755,0.0</coordinates></LineString>",1404,11257,
11257,1404,f,300,660,6,1428.6000,0.0001,0.0000,16.0000,15.3669,96,A,0,0.0000,6,0.0000,0.0000,60.0000,0.0000,0.0000,0.0000,0.0000,0.0000,6,0,0,0,"<LineString><coordinates>-111.908356,40.569752,0.0 -111.908138,40.571758,0.0</coordinates></LineString>",11257,1404,
3689,11507,a,300,660,0,300.7000,0.0000,0.0000,25.0000,25.0000,100,A,0,0.0000,0,0.0000,0.0000,0.0000,0.0000,0.0000,0.0000,0.0000,0.0000,0,0,0,0,"<LineString><coordinates>-111.900750,40.562536,0.0 -111.902528,40.562409,0.0</coordinates></LineString>",3689,11507,
11507,3689,a,300,660,224,300.7000,0.0621,0.0000,25.0000,23.3527,93,A,0,0.0000,224,0.0000,0.0000,2240.0000,0.0000,0.0000,0.0000,0.0000,0.0000,224,0,0,0,"<LineString><coordinates>-111.902526,40.562378,0.0 -111.900747,40.562505,0.0</coordinates></LineString>",11507,3689,
4156,10849,a,300,660,514,633.1000,0.1353,0.0000,24.0000,23.6945,99,A,0,0.0000,514,0.0000,0.0000,5140.0000,0.0000,0.0000,0.0000,0.0000,0.0000,514,0,0,0,"<LineString><coordinates>-111.900957,40.585617,0.0 -111.900687,40.584261,0.0</coordinates></LineString>",4156,10849,
10849,4156,a,300,660,544,633.1000,0.1432,0.0000,24.0000,23.7880,99,A,0,0.0000,544,0.0000,0.0000,5440.0000,0.0000,0.0000,0.0000,0.0000,0.0000,544,0,0,0,"<LineString><coordinates>-111.900657,40.584267,0.0 -111.900927,40.585623,0.0</coordinates></LineString>",10849,4156,
4156,10850,a,300,660,544,633.1000,0.1432,0.0000,24.0000,24.0000,100,A,0,0.0000,544,0.0000,0.0000,5440.0000,0.0000,0.0000,0.0000,0.0000,0.0000,544,0,0,0,"<LineString><coordinates>-111.900942,40.585605,0.0 -111.904175,40.585609,0.0</coordinates></LineString>",4156,10850,
10850,4156,a,300,660,514,633.1000,0.1353,0.0000,24.0000,23.9044,100,A,0,0.0000,514,0.0000,0.0000,5140.0000,0.0000,0.0000,0.0000,0.0000,0.0000,514,0,0,0,"<LineString><coordinates>-111.904175,40.585609,0.0 -111.900942,40.585605,0.0</coordinates></LineString>",10850,4156,
4804,5106,a,300,660,2843,666.4000,0.7110,0.0000,29.0000,27.6309,95,A,0,0.0000,2843,0.0000,0.0000,28430.0000,0.0000,0.0000,0.0000,0.0000,0.0000,2843,0,0,0,"<LineString><coordinates>-111.910323,40.602331,0.0 -111.910284,40.598556,0.0</coordinates></LineString>",4804,5106,
5106,4804,a,300,660,3613,666.4000,0.9036,0.0000,29.0000,2.0730,7,F,0,0.0000,3613,0.0000,0.0000,36130.0000,0.0000,0.0000,0.0000,0.0000,0.0000,3613,0,0,0,"<LineString><coordinates>-111.910253,40.598557,0.0 -111.910292,40.602331,0.0</coordinates></LineString>",5106,4804,
4804,5109,a,300,660,3600,666.4000,0.9004,0.0000,29.0000,0.5130,2,F,0,0.0000,3600,0.0000,0.0000,36000.0000,0.0000,0.0000,0.0000,0.0000,0.0000,3600,0,0,0,"<LineString><coordinates>-111.910292,40.602331,0.0 -111.910299,40.605939,0.0</coordinates></LineString>",4804,5109,
5109,4804,a,300,660,2847,666.4000,0.7120,0.0000,29.0000,28.5068,98,A,0,0.0000,2847,0.0000,0.0000,28470.0000,0.0000,0.0000,0.0000,0.0000,0.0000,2847,0,0,0,"<LineString><coordinates>-111.910330,40.605939,0.0 -111.910323,40.602331,0.0</coordinates></LineString>",5109,4804,
4899,5030,a,300,660,3424,316.5000,0.9015,417.8598,30.0000,0.0785,0,F,0,0.0000,3424,0.0000,0.0000,34240.0000,0.0000,0.0000,0.0000,0.0000,0.0000,3424,0,0,0,"<LineString><coordinates>-111.910217,40.625016,0.0 -111.910251,40.620919,0.0</coordinates></LineString>",4899,5030,
5030,4899,a,300,660,2629,316.5000,0.6922,0.0000,30.0000,26.5136,88,B,0,0.0000,2629,0.0000,0.0000,26290.0000,0.0000,0.0000,0.0000,0.0000,0.0000,2629,0,0,0,"<LineString><coordinates>-111.910220,40.620918,0.0 -111.910186,40.625016,0.0</coordinates></LineString>",5030,4899,
4952,5022,a,300,660,1308,666.4000,0.3271,0.0000,32.0000,1.4967,5,F,0,0.0000,1308,0.0000,0.0000,13080.0000,0.0000,0.0000,0.0000,0.0000,0.0000,1308,0,0,0,"<LineString><coordinates>-111.929267,40.616674,0.0 -111.929179,40.609415,0.0</coordinates></LineString>",4952,5022,
5022,4952,a,300,660,1654,666.4000,0.4137,0.0000,32.0000,30.8279,96,A,0,0.0000,1654,0.0000,0.0000,16540.0000,0.0000,0.0000,0.0000,0.0000,0.0000,1654,0,0,0,"<LineString><coordinates>-111.929147,40.609415,0.0 -111.929235,40.616674,0.0</coordinates></LineString>",5022,4952,
4952,5440,a,300,660,1212,666.4000,0.3031,0.0000,32.0000,5.2539,16,F,0,0.0000,1212,0.0000,0.0000,12120.0000,0.0000,0.0000,0.0000,0.0000,0.0000,1212,0,0,0,"<LineString><coordinates>-111.929235,40.616674,0.0 -111.929174,40.624117,0.0</coordinates></LineString>",4952,5440,
5440,4952,a,300,660,882,666.4000,0.2206,0.0000,32.0000,31.3310,98,A,0,0.0000,882,0.0000,0.0000,8820.0000,0.0000,0.0000,0.0000,0.0000,0.0000,882,0,0,0,"<LineString><coordinates>-111.929205,40.624117,0.0 -111.929267,40.616674,0.0</coordinates></LineString>",5440,4952,
4958,5010,a,300,660,4422,407.2000,0.9050,0.0000,36.0000,26.1427,73,B,0,0.0000,4422,0.0000,0.0000,44220.0000,0.0000,0.0000,0.0000,0.0000,0.0000,4422,0,0,0,"<LineString><coordinates>-111.910247,40.618529,0.0 -111.910283,40.616809,0.0</coordinates></LineString>",4958,5010,
5010,4958,a,300,660,4808,407.2000,0.9840,0.0000,36.0000,0.2984,1,F,0,0.0000,4808,0.0000,0.0000,48080.0000,0.0000,0.0000,0.0000,0.0000,0.0000,4808,0,0,0,"<LineString><coordinates>-111.910252,40.616808,0.0 -111.910216,40.618529,0.0</coordinates></LineString>",5010,4958,
4958,5030,a,300,660,4444,407.2000,0.9095,0.0000,36.0000,0.5693,2,F,0,0.0000,4444,0.0000,0.0000,44440.0000,0.0000,0.0000,0.0000,0.0000,0.0000,4444,0,0,0,"<LineString><coordinates>-111.910216,40.618529,0.0 -111.910220,40.620919,0.0</coordinates></LineString>",4958,5030,
5030,4958,a,300,660,3992,407.2000,0.8170,0.0000,36.0000,30.1169,84,B,0,0.0000,3992,0.0000,0.0000,39920.0000,0.0000,0.0000,0.0000,0.0000,0.0000,3992,0,0,0,"<LineString><coordinates>-111.910251,40.620918,0.0 -111.910247,40.618529,0.0</coordinates></LineString>",5030,4958,
5009,5027,a,300,660,3112,407.2000,0.6369,0.0000,36.0000,33.9045,94,A,0,0.0000,3112,0.0000,0.0000,31120.0000,0.0000,0.0000,0.0000,0.0000,0.0000,3112,0,0,0,"<LineString><coordinates>-111.913171,40.610455,0.0 -111.910313,40.610639,0.0</coordinates></LineString>",5009,5027,
5027,5009,a,300,660,3951,407.2000,0.8086,0.0000,36.0000,0.8195,2,F,0,0.0000,3951,0.0000,0.0000,39510.0000,0.0000,0.0000,0.0000,0.0000,0.0000,3951,0,0,0,"<LineString><coordinates>-111.910315,40.610670,0.0 -111.913173,40.610486,0.0</coordinates></LineString>",5027,5009,
5009,5240,a,300,660,1698,407.2000,0.3475,0.0000,36.0000,0.8733,2,F,0,0.0000,1698,0.0000,0.0000,16980.0000,0.0000,0.0000,0.0000,0.0000,0.0000,1698,0,0,0,"<LineString><coordinates>-111.913157,40.610466,0.0 -111.911914,40.614665,0.0</coordinates></LineString>",5009,5240,
5240,5009,a,300,660,2693,407.2000,0.5511,0.0000,36.0000,0.8324,2,F,0,0.0000,2693,0.0000,0.0000,26930.0000,0.0000,0.0000,0.0000,0.0000,0.0000,2693,0,0,0,"<LineString><coordinates>-111.911944,40.614673,0.0 -111.913187,40.610475,0.0</coordinates></LineString>",5240,5009,
5009,5863,a,300,660,5766,407.2000,1.1800,0.0000,36.0000,2.7618,8,F,0,0.0000,5766,0.0000,0.0000,57660.0000,0.0000,0.0000,0.0000,0.0000,0.0000,5766,0,0,0,"<LineString><coordinates>-111.913173,40.610486,0.0 -111.916784,40.610281,0.0</coordinates></LineString>",5009,5863,
5863,5009,a,300,660,4757,407.2000,0.9735,0.0000,36.0000,1.7519,5,F,0,0.0000,4757,0.0000,0.0000,47570.0000,0.0000,0.0000,0.0000,0.0000,0.0000,4757,0,0,0,"<LineString><coordinates>-111.916783,40.610249,0.0 -111.913171,40.610455,0.0</coordinates></LineString>",5863,5009,
5010,5027,a,300,660,1749,857.3000,0.3400,0.0000,35.0000,34.4173,98,A,0,0.0000,1749,0.0000,0.0000,17490.0000,0.0000,0.0000,0.0000,0.0000,0.0000,1749,0,0,0,"<LineString><coordinates>-111.910283,40.616808,0.0 -111.910330,40.610655,0.0</coordinates></LineString>",5010,5027,
5027,5010,a,300,660,3110,857.3000,0.6046,0.0000,35.0000,1.6940,5,F,0,0.0000,3110,0.0000,0.0000,31100.0000,0.0000,0.0000,0.0000,0.0000,0.0000,3110,0,0,0,"<LineString><coordinates>-111.910298,40.610655,0.0 -111.910252,40.616808,0.0</coordinates></LineString>",5027,5010,
5010,5240,a,300,660,2666,407.2000,0.5456,0.0000,36.0000,33.6540,93,A,0,0.0000,2666,0.0000,0.0000,26660.0000,0.0000,0.0000,0.0000,0.0000,0.0000,2666,0,0,0,"<LineString><coordinates>-111.910280,40.616818,0.0 -111.911941,40.614679,0.0</coordinates></LineString>",5010,5240,
5240,5010,a,300,660,2030,407.2000,0.4154,0.0000,36.0000,0.2321,1,F,0,0.0000,2030,0.0000,0.0000,20300.0000,0.0000,0.0000,0.0000,0.0000,0.0000,2030,0,0,0,"<LineString><coordinates>-111.911917,40.614659,0.0 -111.910255,40.616799,0.0</coordinates></LineString>",5240,5010,
5017,5018,a,300,660,5476,284.8000,1.0682,0.0000,43.0000,2.9632,7,F,0,0.0000,5476,0.0000,0.0000,54760.0000,0.0000,0.0000,0.0000,0.0000,0.0000,5476,0,0,0,"<LineString><coordinates>-111.938735,40.609518,0.0 -111.938839,40.616737,0.0</coordinates></LineString>",5017,5018,
5018,5017,a,300,660,5842,284.8000,1.1396,0.0000,43.0000,0.6850,2,F,0,0.0000,5842,0.0000,0.0000,58420.0000,0.0000,0.0000,0.0000,0.0000,0.0000,5842,0,0,0,"<LineString><coordinates>-111.938870,40.616737,0.0 -111.938767,40.609517,0.0</coordinates></LineString>",5018,5017,
5017,11123,a,300,660,3726,407.2000,0.7625,0.0000,36.0000,29.2041,81,B,0,0.0000,3726,0.0000,0.0000,37260.0000,0.0000,0.0000,0.0000,0.0000,0.0000,3726,0,0,0,"<LineString><coordinates>-111.938751,40.609502,0.0 -111.943739,40.609505,0.0</coordinates></LineString>",5017,11123,
11123,5017,a,300,660,4552,407.2000,0.9316,317.3742,36.0000,0.0934,0,F,0,0.0000,4552,0.0000,0.0000,45520.0000,0.0000,0.0000,0.0000,0.0000,0.0000,4552,0,0,0,"<LineString><coordinates>-111.943739,40.609505,0.0 -111.938751,40.609502,0.0</coordinates></LineString>",11123,5017,
5017,11124,a,300,660,3616,407.2000,0.7400,0.0000,36.0000,2.3129,6,F,0,0.0000,3616,0.0000,0.0000,36160.0000,0.0000,0.0000,0.0000,0.0000,0.0000,3616,0,0,0,"<LineString><coordinates>-111.938751,40.609502,0.0 -111.931819,40.609511,0.0</coordinates></LineString>",5017,11124,
11124,5017,a,300,660,4108,407.2000,0.8407,0.0000,36.0000,1.1910,3,F,0,0.0000,4108,0.0000,0.0000,41080.0000,0.0000,0.0000,0.0000,0.0000,0.0000,4108,0,0,0,"<LineString><coordinates>-111.931819,40.609511,0.0 -111.938751,40.609502,0.0</coordinates></LineString>",11124,5017,
5017,11146,a,300,660,6801,284.8000,1.3267,0.0000,43.0000,0.7026,2,F,0,0.0000,6801,0.0000,0.0000,68010.0000,0.0000,0.0000,0.0000,0.0000,0.0000,6801,0,0,0,"<LineString><coordinates>-111.938767,40.609518,0.0 -111.938874,40.605899,0.0</coordinates></LineString>",5017,11146,
11146,5017,a,300,660,6498,284.8000,1.2676,0.0000,43.0000,1.3687,3,F,0,0.0000,6498,0.0000,0.0000,64980.0000,0.0000,0.0000,0.0000,0.0000,0.0000,6498,0,0,0,"<LineString><coordinates>-111.938842,40.605898,0.0 -111.938735,40.609517,0.0</coordinates></LineString>",11146,5017,
5018,5436,a,300,660,6656,284.8000,1.2984,0.0000,43.0000,1.6590,4,F,0,0.0000,6656,0.0000,0.0000,66560.0000,0.0000,0.0000,0.0000,0.0000,0.0000,6656,0,0,0,"<LineString><coordinates>-111.938839,40.616737,0.0 -111.938726,40.624084,0.0</coordinates></LineString>",5018,5436,
5436,5018,a,300,660,5597,284.8000,1.0918,0.0000,43.0000,0.7209,2,F,0,0.0000,5597,0.0000,0.0000,55970.0000,0.0000,0.0000,0.0000,0.0000,0.0000,5597,0,0,0,"<LineString><coordinates>-111.938758,40.624085,0.0 -111.938870,40.616737,0.0</coordinates></LineString>",5436,5018,
5022,5524,a,300,660,4767,407.2000,0.9756,0.0000,36.0000,2.0707,6,F,0,0.0000,4767,0.0000,0.0000,47670.0000,0.0000,0.0000,0.0000,0.0000,0.0000,4767,0,0,0,"<LineString><coordinates>-111.929166,40.609399,0.0 -111.925491,40.608716,0.0</coordinates></LineString>",5022,5524,
5524,5022,a,300,660,5680,407.2000,1.1624,0.0000,36.0000,6.1113,17,F,0,0.0000,5680,0.0000,0.0000,56800.0000,0.0000,0.0000,0.0000,0.0000,0.0000,5680,0,0,0,"<LineString><coordinates>-111.925486,40.608747,0.0 -111.929160,40.609430,0.0</coordinates></LineString>",5524,5022,
5022,11124,a,300,660,3618,407.2000,0.7404,0.0000,36.0000,10.6906,30,F,0,0.0000,3618,0.0000,0.0000,36180.0000,0.0000,0.0000,0.0000,0.0000,0.0000,3618,0,0,0,"<LineString><coordinates>-111.929162,40.609430,0.0 -111.931818,40.609542,0.0</coordinates></LineString>",5022,11124,
11124,5022,a,300,660,3168,407.2000,0.6483,0.0000,36.0000,1.0527,3,F,0,0.0000,3168,0.0000,0.0000,31680.0000,0.0000,0.0000,0.0000,0.0000,0.0000,3168,0,0,0,"<LineString><coordinates>-111.931820,40.609511,0.0 -111.929164,40.609399,0.0</coordinates></LineString>",11124,5022,
5022,11147,a,300,660,2618,666.4000,0.6548,0.0000,32.0000,17.6405,55,C,0,0.0000,2618,0.0000,0.0000,26180.0000,0.0000,0.0000,0.0000,0.0000,0.0000,2618,0,0,0,"<LineString><coordinates>-111.929179,40.609415,0.0 -111.929250,40.607692,0.0</coordinates></LineString>",5022,11147,
11147,5022,a,300,660,2553,666.4000,0.6385,0.0000,32.0000,0.7709,2,F,0,0.0000,2553,0.0000,0.0000,25530.0000,0.0000,0.0000,0.0000,0.0000,0.0000,2553,0,0,0,"<LineString><coordinates>-111.929219,40.607690,0.0 -111.929147,40.609414,0.0</coordinates></LineString>",11147,5022,
5027,11129,a,300,660,2659,407.2000,0.5442,0.0000,36.0000,30.8052,86,B,0,0.0000,2659,0.0000,0.0000,26590.0000,0.0000,0.0000,0.0000,0.0000,0.0000,2659,0,0,0,"<LineString><coordinates>-111.910313,40.610639,0.0 -111.907637,40.610896,0.0</coordinates></LineString>",5027,11129,
11129,5027,a,300,660,4434,407.2000,0.9074,0.0000,36.0000,1.7368,5,F,0,0.0000,4434,0.0000,0.0000,44340.0000,0.0000,0.0000,0.0000,0.0000,0.0000,4434,0,0,0,"<LineString><coordinates>-111.907640,40.610927,0.0 -111.910316,40.610670,0.0</coordinates></LineString>",11129,5027,
5027,11150,a,300,660,2866,666.4000,0.7168,0.0000,29.0000,26.4634,91,A,0,0.0000,2866,0.0000,0.0000,28660.0000,0.0000,0.0000,0.0000,0.0000,0.0000,2866,0,0,0,"<LineString><coordinates>-111.910330,40.610655,0.0 -111.910348,40.607207,0.0</coordinates></LineString>",5027,11150,
11150,5027,a,300,660,3739,666.4000,0.9351,0.0000,29.0000,0.9076,3,F,0,0.0000,3739,0.0000,0.0000,37390.0000,0.0000,0.0000,0.0000,0.0000,0.0000,3739,0,0,0,"<LineString><coordinates>-111.910316,40.607207,0.0 -111.910298,40.610655,0.0</coordinates></LineString>",11150,5027,
5030,10872,a,300,660,4208,407.2000,0.8612,0.0000,36.0000,2.0574,6,F,0,0.0000,4208,0.0000,0.0000,42080.0000,0.0000,0.0000,0.0000,0.0000,0.0000,4208,0,0,0,"<LineString><coordinates>-111.910234,40.620934,0.0 -111.913106,40.621110,0.0</coordinates></LineString>",5030,10872,
10872,5030,a,300,660,5226,407.2000,1.0695,0.0000,36.0000,0.5250,1,F,0,0.0000,5226,0.0000,0.0000,52260.0000,0.0000,0.0000,0.0000,0.0000,0.0000,5226,0,0,0,"<LineString><coordinates>-111.913108,40.621079,0.0 -111.910236,40.620903,0.0</coordinates></LineString>",10872,5030,
5030,11128,a,300,660,6140,407.2000,1.2565,0.0000,29.0000,3.0073,10,F,0,0.0000,6140,0.0000,0.0000,61400.0000,0.0000,0.0000,0.0000,0.0000,0.0000,6140,0,0,0,"<LineString><coordinates>-111.910236,40.620903,0.0 -111.907656,40.620840,0.0</coordinates></LineString>",5030,11128,
11128,5030,a,300,660,5214,407.2000,1.0670,0.0000,29.0000,1.5905,5,F,0,0.0000,5214,0.0000,0.0000,52140.0000,0.0000,0.0000,0.0000,0.0000,0.0000,5214,0,0,0,"<LineString><coordinates>-111.907655,40.620872,0.0 -111.910235,40.620934,0.0</coordinates></LineString>",11128,5030,
5034,11129,a,300,660,5029,407.2000,1.0292,439.9742,36.0000,0.0650,0,F,0,0.0000,5029,0.0000,0.0000,50290.0000,0.0000,0.0000,0.0000,0.0000,0.0000,5029,0,0,0,"<LineString><coordinates>-111.902815,40.610939,0.0 -111.907639,40.610927,0.0</coordinates></LineString>",5034,11129,
11129,5034,a,300,660,2468,407.2000,0.5051,0.0000,36.0000,31.8464,88,B,0,0.0000,2468,0.0000,0.0000,24680.0000,0.0000,0.0000,0.0000,0.0000,0.0000,2468,0,0,0,"<LineString><coordinates>-111.907639,40.610895,0.0 -111.902815,40.610908,0.0</coordinates></LineString>",11129,5034,
5037,11128,a,300,660,5259,407.2000,1.0763,443.6884,29.0000,0.0398,0,F,0,0.0000,5259,0.0000,0.0000,52590.0000,0.0000,0.0000,0.0000,0.0000,0.0000,5259,0,0,0,"<LineString><coordinates>-111.904767,40.620823,0.0 -111.907655,40.620872,0.0</coordinates></LineString>",5037,11128,
11128,5037,a,300,660,6089,407.2000,1.2461,0.0000,29.0000,24.7691,85,B,0,0.0000,6089,0.0000,0.0000,60890.0000,0.0000,0.0000,0.0000,0.0000,0.0000,6089,0,0,0,"<LineString><coordinates>-111.907656,40.620840,0.0 -111.904767,40.620792,0.0</coordinates></LineString>",11128,5037,
5103,5820,a,300,660,3059,666.4000,0.7651,0.0000,32.0000,24.8417,78,B,0,0.0000,3059,0.0000,0.0000,30590.0000,0.0000,0.0000,0.0000,0.0000,0.0000,3059,0,0,0,"<LineString><coordinates>-111.929208,40.594991,0.0 -111.929251,40.603321,0.0</coordinates></LineString>",5103,5820,
5820,5103,a,300,660,2325,666.4000,0.5815,0.0000,32.0000,16.0858,50,C,0,0.0000,2325,0.0000,0.0000,23250.0000,0.0000,0.0000,0.0000,0.0000,0.0000,2325,0,0,0,"<LineString><coordinates>-111.929282,40.603321,0.0 -111.929239,40.594991,0.0</coordinates></LineString>",5820,5103,
5103,11161,a,300,660,2329,666.4000,0.5825,0.0000,32.0000,3.1838,10,F,0,0.0000,2329,0.0000,0.0000,23290.0000,0.0000,0.0000,0.0000,0.0000,0.0000,2329,0,0,0,"<LineString><coordinates>-111.929239,40.594992,0.0 -111.929288,40.591047,0.0</coordinates></LineString>",5103,11161,
11161,5103,a,300,660,3071,666.4000,0.7681,0.0000,32.0000,17.7587,55,C,0,0.0000,3071,0.0000,0.0000,30710.0000,0.0000,0.0000,0.0000,0.0000,0.0000,3071,0,0,0,"<LineString><coordinates>-111.929256,40.591047,0.0 -111.929208,40.594991,0.0</coordinates></LineString>",11161,5103,
5106,5117,a,300,660,5,633.1000,0.0013,0.0000,24.0000,23.9997,100,A,0,0.0000,5,0.0000,0.0000,50.0000,0.0000,0.0000,0.0000,0.0000,0.0000,5,0,0,0,"<LineString><coordinates>-111.910284,40.598556,0.0 -111.910240,40.587717,0.0</coordinates></LineString>",5106,5117,
5117,5106,a,300,660,100,633.1000,0.0263,0.0000,24.0000,23.5311,98,A,0,0.0000,100,0.0000,0.0000,1000.0000,0.0000,0.0000,0.0000,0.0000,0.0000,100,0,0,0,"<LineString><coordinates>-111.910209,40.587717,0.0 -111.910253,40.598557,0.0</coordinates></LineString>",5117,5106,
5106,10852,a,300,660,2841,633.1000,0.7479,0.0000,24.0000,20.2447,84,B,0,0.0000,2841,0.0000,0.0000,28410.0000,0.0000,0.0000,0.0000,0.0000,0.0000,2841,0,0,0,"<LineString><coordinates>-111.910271,40.598541,0.0 -111.909249,40.598367,0.0</coordinates></LineString>",5106,10852,
10852,5106,a,300,660,3525,633.1000,0.9280,0.0000,24.0000,1.2926,5,F,0,0.0000,3525,0.0000,0.0000,35250.0000,0.0000,0.0000,0.0000,0.0000,0.0000,3525,0,0,0,"<LineString><coordinates>-111.909244,40.598398,0.0 -111.910265,40.598572,0.0</coordinates></LineString>",10852,5106,
5109,11150,a,300,660,3812,666.4000,0.9534,0.0000,29.0000,0.8495,3,F,0,0.0000,3812,0.0000,0.0000,38120.0000,0.0000,0.0000,0.0000,0.0000,0.0000,3812,0,0,0,"<LineString><coordinates>-111.910299,40.605939,0.0 -111.910316,40.607208,0.0</coordinates></LineString>",5109,11150,
11150,5109,a,300,660,2865,666.4000,0.7165,0.0000,29.0000,25.1042,87,B,0,0.0000,2865,0.0000,0.0000,28650.0000,0.0000,0.0000,0.0000,0.0000,0.0000,2865,0,0,0,"<LineString><coordinates>-111.910348,40.607207,0.0 -111.910330,40.605939,0.0</coordinates></LineString>",11150,5109,
5109,11151,a,300,660,127,514.5000,0.0411,0.0000,26.0000,23.0286,89,B,0,0.0000,127,0.0000,0.0000,1270.0000,0.0000,0.0000,0.0000,0.0000,0.0000,127,0,0,0,"<LineString><coordinates>-111.910315,40.605923,0.0 -111.906610,40.605945,0.0</coordinates></LineString>",5109,11151,
11151,5109,a,300,660,755,514.5000,0.2446,278.3846,26.0000,0.0852,0,F,0,0.0000,755,0.0000,0.0000,7550.0000,0.0000,0.0000,0.0000,0.0000,0.0000,755,0,0,0,"<LineString><coordinates>-111.906610,40.605976,0.0 -111.910315,40.605954,0.0</coordinates></LineString>",11151,5109,
5112,5589,a,300,660,1081,446.0000,0.2020,0.0000,39.0000,38.5893,99,A,0,0.0000,1081,0.0000,0.0000,10810.0000,0.0000,0.0000,0.0000,0.0000,0.0000,1081,0,0,0,"<LineString><coordinates>-111.938730,40.587746,0.0 -111.934063,40.587766,0.0</coordinates></LineString>",5112,5589,
5589,5112,a,300,660,2250,446.0000,0.4204,0.0000,39.0000,0.7608,2,F,0,0.0000,2250,0.0000,0.0000,22500.0000,0.0000,0.0000,0.0000,0.0000,0.0000,2250,0,0,0,"<LineString><coordinates>-111.934063,40.587797,0.0 -111.938730,40.587777,0.0</coordinates></LineString>",5589,5112,
5112,11159,a,300,660,4860,446.0000,0.9081,0.0000,39.0000,23.3457,60,C,0,0.0000,4860,0.0000,0.0000,48600.0000,0.0000,0.0000,0.0000,0.0000,0.0000,4860,0,0,0,"<LineString><coordinates>-111.938730,40.587746,0.0 -111.943604,40.587747,0.0</coordinates></LineString>",5112,11159,
11159,5112,a,300,660,4445,446.0000,0.8305,429.0081,39.0000,0.0680,0,F,0,0.0000,4445,0.0000,0.0000,44450.0000,0.0000,0.0000,0.0000,0.0000,0.0000,4445,0,0,0,"<LineString><coordinates>-111.943604,40.587747,0.0 -111.938730,40.587746,0.0</coordinates></LineString>",11159,5112,
5112,11160,a,300,660,6283,284.8000,1.2256,0.0000,43.0000,0.6633,2,F,0,0.0000,6283,0.0000,0.0000,62830.0000,0.0000,0.0000,0.0000,0.0000,0.0000,6283,0,0,0,"<LineString><coordinates>-111.938715,40.587762,0.0 -111.938863,40.590845,0.0</coordinates></LineString>",5112,11160,
11160,5112,a,300,660,6296,284.8000,1.2282,0.0000,43.0000,1.4643,3,F,0,0.0000,6296,0.0000,0.0000,62960.0000,0.0000,0.0000,0.0000,0.0000,0.0000,6296,0,0,0,"<LineString><coordinates>-111.938894,40.590844,0.0 -111.938746,40.587761,0.0</coordinates></LineString>",11160,5112,
5112,11172,a,300,660,5480,446.0000,1.0239,0.0000,39.0000,2.1288,5,F,0,0.0000,5480,0.0000,0.0000,54800.0000,0.0000,0.0000,0.0000,0.0000,0.0000,5480,0,0,0,"<LineString><coordinates>-111.938746,40.587762,0.0 -111.938834,40.584171,0.0</coordinates></LineString>",5112,11172,
11172,5112,a,300,660,5522,446.0000,1.0318,0.0000,39.0000,0.5779,1,F,0,0.0000,5522,0.0000,0.0000,55220.0000,0.0000,0.0000,0.0000,0.0000,0.0000,5522,0,0,0,"<LineString><coordinates>-111.938803,40.584171,0.0 -111.938715,40.587761,0.0</coordinates></LineString>",11172,5112,
5113,8002,a,300,660,278,514.5000,0.0901,0.0000,26.0000,23.5588,91,A,0,0.0000,278,0.0000,0.0000,2780.0000,0.0000,0.0000,0.0000,0.0000,0.0000,278,0,0,0,"<LineString><coordinates>-111.938771,40.594029,0.0 -111.943373,40.593992,0.0</coordinates></LineString>",5113,8002,
8002,5113,a,300,660,459,514.5000,0.1487,76.2342,26.0000,0.2697,1,F,0,0.0000,459,0.0000,0.0000,4590.0000,0.0000,0.0000,0.0000,0.0000,0.0000,459,0,0,0,"<LineString><coordinates>-111.943373,40.593961,0.0 -111.938770,40.593998,0.0</coordinates></LineString>",8002,5113,
5113,11148,a,300,660,5951,284.8000,1.1609,0.0000,43.0000,0.5945,1,F,0,0.0000,5951,0.0000,0.0000,59510.0000,0.0000,0.0000,0.0000,0.0000,0.0000,5951,0,0,0,"<LineString><coordinates>-111.938755,40.594013,0.0 -111.938777,40.599039,0.0</coordinates></LineString>",5113,11148,
11148,5113,a,300,660,6447,284.8000,1.2576,0.0000,43.0000,1.2285,3,F,0,0.0000,6447,0.0000,0.0000,64470.0000,0.0000,0.0000,0.0000,0.0000,0.0000,6447,0,0,0,"<LineString><coordinates>-111.938809,40.599039,0.0 -111.938786,40.594013,0.0</coordinates></LineString>",11148,5113,
5113,11160,a,300,660,6330,284.8000,1.2348,0.0000,43.0000,1.4155,3,F,0,0.0000,6330,0.0000,0.0000,63300.0000,0.0000,0.0000,0.0000,0.0000,0.0000,6330,0,0,0,"<LineString><coordinates>-111.938786,40.594014,0.0 -111.938894,40.590845,0.0</coordinates></LineString>",5113,11160,
11160,5113,a,300,660,5931,284.8000,1.1570,0.0000,43.0000,1.8631,4,F,0,0.0000,5931,0.0000,0.0000,59310.0000,0.0000,0.0000,0.0000,0.0000,0.0000,5931,0,0,0,"<LineString><coordinates>-111.938863,40.590844,0.0 -111.938755,40.594013,0.0</coordinates></LineString>",11160,5113,
5114,5589,a,300,660,1772,446.0000,0.3311,0.0000,39.0000,5.6782,15,F,0,0.0000,1772,0.0000,0.0000,17720.0000,0.0000,0.0000,0.0000,0.0000,0.0000,1772,0,0,0,"<LineString><coordinates>-111.929195,40.587809,0.0 -111.934063,40.587797,0.0</coordinates></LineString>",5114,5589,
5589,5114,a,300,660,1243,446.0000,0.2322,0.0000,39.0000,2.6734,7,F,0,0.0000,1243,0.0000,0.0000,12430.0000,0.0000,0.0000,0.0000,0.0000,0.0000,1243,0,0,0,"<LineString><coordinates>-111.934063,40.587766,0.0 -111.929194,40.587778,0.0</coordinates></LineString>",5589,5114,
5114,5592,a,300,660,383,423.7000,0.0753,0.0000,32.0000,31.9831,100,A,0,0.0000,383,0.0000,0.0000,3830.0000,0.0000,0.0000,0.0000,0.0000,0.0000,383,0,0,0,"<LineString><coordinates>-111.929195,40.587778,0.0 -111.922175,40.587726,0.0</coordinates></LineString>",5114,5592,
5592,5114,a,300,660,717,423.7000,0.1410,0.0000,32.0000,0.5285,2,F,0,0.0000,717,0.0000,0.0000,7170.0000,0.0000,0.0000,0.0000,0.0000,0.0000,717,0,0,0,"<LineString><coordinates>-111.922175,40.587757,0.0 -111.929194,40.587809,0.0</coordinates></LineString>",5592,5114,
5114,11161,a,300,660,2859,666.4000,0.7150,0.0000,32.0000,19.8007,62,C,0,0.0000,2859,0.0000,0.0000,28590.0000,0.0000,0.0000,0.0000,0.0000,0.0000,2859,0,0,0,"<LineString><coordinates>-111.929179,40.587794,0.0 -111.929256,40.591047,0.0</coordinates></LineString>",5114,11161,
11161,5114,a,300,660,2161,666.4000,0.5405,0.0000,32.0000,2.4185,8,F,0,0.0000,2161,0.0000,0.0000,21610.0000,0.0000,0.0000,0.0000,0.0000,0.0000,2161,0,0,0,"<LineString><coordinates>-111.929288,40.591046,0.0 -111.929210,40.587793,0.0</coordinates></LineString>",11161,5114,
5114,11173,a,300,660,2014,666.4000,0.5037,0.0000,29.0000,1.1582,4,F,0,0.0000,2014,0.0000,0.0000,20140.0000,0.0000,0.0000,0.0000,0.0000,0.0000,2014,0,0,0,"<LineString><coordinates>-111.929210,40.587794,0.0 -111.929261,40.584369,0.0</coordinates></LineString>",5114,11173,
11173,5114,a,300,660,2910,666.4000,0.7278,0.0000,29.0000,11.1300,38,E,0,0.0000,2910,0.0000,0.0000,29100.0000,0.0000,0.0000,0.0000,0.0000,0.0000,2910,0,0,0,"<LineString><coordinates>-111.929230,40.584369,0.0 -111.929179,40.587793,0.0</coordinates></LineString>",11173,5114,
5117,11255,a,300,660,5,423.7000,0.0010,0.0000,32.0000,31.9969,100,A,0,0.0000,5,0.0000,0.0000,50.0000,0.0000,0.0000,0.0000,0.0000,0.0000,5,0,0,0,"<LineString><coordinates>-111.910224,40.587702,0.0 -111.907886,40.587797,0.0</coordinates></LineString>",5117,11255,
11255,5117,a,300,660,100,423.7000,0.0197,0.0000,32.0000,31.9984,100,A,0,0.0000,100,0.0000,0.0000,1000.0000,0.0000,0.0000,0.0000,0.0000,0.0000,100,0,0,0,"<LineString><coordinates>-111.907887,40.587828,0.0 -111.910226,40.587733,0.0</coordinates></LineString>",11255,5117,
5118,5727,a,300,660,4611,423.7000,0.9069,0.0000,32.0000,14.9078,47,D,0,0.0000,4611,0.0000,0.0000,46110.0000,0.0000,0.0000,0.0000,0.0000,0.0000,4611,0,0,0,"<LineString><coordinates>-111.904260,40.587998,0.0 -111.902133,40.587984,0.0</coordinates></LineString>",5118,5727,
5727,5118,a,300,660,5450,423.7000,1.0719,0.0000,32.0000,1.6636,5,F,0,0.0000,5450,0.0000,0.0000,54500.0000,0.0000,0.0000,0.0000,0.0000,0.0000,5450,0,0,0,"<LineString><coordinates>-111.902133,40.588015,0.0 -111.904260,40.588030,0.0</coordinates></LineString>",5727,5118,
5118,10854,a,300,660,2989,633.1000,0.7869,0.0000,24.0000,18.5158,77,B,0,0.0000,2989,0.0000,0.0000,29890.0000,0.0000,0.0000,0.0000,0.0000,0.0000,2989,0,0,0,"<LineString><coordinates>-111.904276,40.588013,0.0 -111.904208,40.586690,0.0</coordinates></LineString>",5118,10854,
10854,5118,a,300,660,2980,633.1000,0.7845,0.0000,24.0000,0.9165,4,F,0,0.0000,2980,0.0000,0.0000,29800.0000,0.0000,0.0000,0.0000,0.0000,0.0000,2980,0,0,0,"<LineString><coordinates>-111.904177,40.586691,0.0 -111.904245,40.588015,0.0</coordinates></LineString>",10854,5118,
5118,11255,a,300,660,102,423.7000,0.0201,0.0000,32.0000,31.9991,100,A,0,0.0000,102,0.0000,0.0000,1020.0000,0.0000,0.0000,0.0000,0.0000,0.0000,102,0,0,0,"<LineString><coordinates>-111.904261,40.588029,0.0 -111.907887,40.587828,0.0</coordinates></LineString>",5118,11255,
11255,5118,a,300,660,7,423.7000,0.0014,0.0000,32.0000,31.9982,100,A,0,0.0000,7,0.0000,0.0000,70.0000,0.0000,0.0000,0.0000,0.0000,0.0000,7,0,0,0,"<LineString><coordinates>-111.907886,40.587797,0.0 -111.904259,40.587998,0.0</coordinates></LineString>",11255,5118,
5118,11910,a,300,660,3523,633.1000,0.9274,0.0000,24.0000,2.6894,11,F,0,0.0000,3523,0.0000,0.0000,35230.0000,0.0000,0.0000,0.0000,0.0000,0.0000,3523,0,0,0,"<LineString><coordinates>-111.904245,40.588014,0.0 -111.904243,40.589983,0.0</coordinates></LineString>",5118,11910,
11910,5118,a,300,660,2831,633.1000,0.7453,0.0000,24.0000,23.2414,97,A,0,0.0000,2831,0.0000,0.0000,28310.0000,0.0000,0.0000,0.0000,0.0000,0.0000,2831,0,0,0,"<LineString><coordinates>-111.904274,40.589983,0.0 -111.904276,40.588014,0.0</coordinates></LineString>",11910,5118,
5119,5727,a,300,660,5466,423.7000,1.0751,477.2686,32.0000,0.0144,0,F,0,0.0000,5466,0.0000,0.0000,54660.0000,0.0000,0.0000,0.0000,0.0000,0.0000,5466,0,0,0,"<LineString><coordinates>-111.901030,40.587986,0.0 -111.902133,40.588015,0.0</coordinates></LineString>",5119,5727,
5727,5119,a,300,660,4607,423.7000,0.9061,0.0000,32.0000,22.8138,71,B,0,0.0000,4607,0.0000,0.0000,46070.0000,0.0000,0.0000,0.0000,0.0000,0.0000,4607,0,0,0,"<LineString><coordinates>-111.902133,40.587984,0.0 -111.901030,40.587955,0.0</coordinates></LineString>",5727,5119,
5174,5587,a,300,660,3842,407.2000,0.7863,0.0000,36.0000,1.7617,5,F,0,0.0000,3842,0.0000,0.0000,38420.0000,0.0000,0.0000,0.0000,0.0000,0.0000,3842,0,0,0,"<LineString><coordinates>-111.913866,40.559087,0.0 -111.919256,40.560324,0.0</coordinates></LineString>",5174,5587,
5587,5174,a,300,660,4141,407.2000,0.8475,0.0000,36.0000,0.7545,2,F,0,0.0000,4141,0.0000,0.0000,41410.0000,0.0000,0.0000,0.0000,0.0000,0.0000,4141,0,0,0,"<LineString><coordinates>-111.919263,40.560293,0.0 -111.913873,40.559056,0.0</coordinates></LineString>",5587,5174,
5174,5868,a,300,660,5051,407.2000,1.0337,0.0000,36.0000,3.0844,9,F,0,0.0000,5051,0.0000,0.0000,50510.0000,0.0000,0.0000,0.0000,0.0000,0.0000,5051,0,0,0,"<LineString><coordinates>-111.913870,40.559056,0.0 -111.910188,40.558844,0.0</coordinates></LineString>",5174,5868,
5868,5174,a,300,660,5061,407.2000,1.0357,0.0000,36.0000,1.3218,4,F,0,0.0000,5061,0.0000,0.0000,50610.0000,0.0000,0.0000,0.0000,0.0000,0.0000,5061,0,0,0,"<LineString><coordinates>-111.910186,40.558876,0.0 -111.913868,40.559087,0.0</coordinates></LineString>",5868,5174,
5175,5729,a,300,660,3491,633.1000,0.9190,0.0000,24.0000,20.2278,84,B,0,0.0000,3491,0.0000,0.0000,34910.0000,0.0000,0.0000,0.0000,0.0000,0.0000,3491,0,0,0,"<LineString><coordinates>-111.904348,40.569681,0.0 -111.900825,40.569693,0.0</coordinates></LineString>",5175,5729,
5729,5175,a,300,660,4101,633.1000,1.0796,0.0000,24.0000,1.8061,8,F,0,0.0000,4101,0.0000,0.0000,41010.0000,0.0000,0.0000,0.0000,0.0000,0.0000,4101,0,0,0,"<LineString><coordinates>-111.900825,40.569724,0.0 -111.904348,40.569712,0.0</coordinates></LineString>",5729,5175,
5175,11257,a,300,660,4048,633.1000,1.0657,0.0000,24.0000,2.4780,10,F,0,0.0000,4048,0.0000,0.0000,40480.0000,0.0000,0.0000,0.0000,0.0000,0.0000,4048,0,0,0,"<LineString><coordinates>-111.904348,40.569712,0.0 -111.908371,40.569769,0.0</coordinates></LineString>",5175,11257,
11257,5175,a,300,660,3498,633.1000,0.9209,0.0000,24.0000,19.9495,83,B,0,0.0000,3498,0.0000,0.0000,34980.0000,0.0000,0.0000,0.0000,0.0000,0.0000,3498,0,0,0,"<LineString><coordinates>-111.908372,40.569738,0.0 -111.904348,40.569681,0.0</coordinates></LineString>",11257,5175,
5208,5209,a,300,660,5001,446.0000,0.9344,0.0000,39.0000,0.4621,1,F,0,0.0000,5001,0.0000,0.0000,50010.0000,0.0000,0.0000,0.0000,0.0000,0.0000,5001,0,0,0,"<LineString><coordinates>-111.938678,40.562285,0.0 -111.938722,40.568083,0.0</coordinates></LineString>",5208,5209,
5209,5208,a,300,660,5715,446.0000,1.0678,0.0000,39.0000,3.2541,8,F,0,0.0000,5715,0.0000,0.0000,57150.0000,0.0000,0.0000,0.0000,0.0000,0.0000,5715,0,0,0,"<LineString><coordinates>-111.938754,40.568083,0.0 -111.938709,40.562285,0.0</coordinates></LineString>",5209,5208,
5208,5238,a,300,660,2089,929.5000,0.3746,0.0000,38.0000,37.5452,99,A,0,0.0000,2089,0.0000,0.0000,20890.0000,0.0000,0.0000,0.0000,0.0000,0.0000,2089,0,0,0,"<LineString><coordinates>-111.938709,40.562285,0.0 -111.938768,40.552997,0.0</coordinates></LineString>",5208,5238,
5238,5208,a,300,660,3038,929.5000,0.5447,524.8442,38.0000,0.1415,0,F,0,0.0000,3038,0.0000,0.0000,30380.0000,0.0000,0.0000,0.0000,0.0000,0.0000,3038,0,0,0,"<LineString><coordinates>-111.938737,40.552996,0.0 -111.938678,40.562285,0.0</coordinates></LineString>",5238,5208,
5208,11261,a,300,660,4455,407.2000,0.9117,0.0000,36.0000,1.0597,3,F,0,0.0000,4455,0.0000,0.0000,44550.0000,0.0000,0.0000,0.0000,0.0000,0.0000,4455,0,0,0,"<LineString><coordinates>-111.938693,40.562269,0.0 -111.934612,40.562282,0.0</coordinates></LineString>",5208,11261,
11261,5208,a,300,660,4178,407.2000,0.8550,0.0000,36.0000,0.2808,1,F,0,0.0000,4178,0.0000,0.0000,41780.0000,0.0000,0.0000,0.0000,0.0000,0.0000,4178,0,0,0,"<LineString><coordinates>-111.934612,40.562313,0.0 -111.938693,40.562301,0.0</coordinates></LineString>",11261,5208,
5208,11282,a,300,660,2155,857.3000,0.4190,0.0000,35.0000,31.2618,89,B,0,0.0000,2155,0.0000,0.0000,21550.0000,0.0000,0.0000,0.0000,0.0000,0.0000,2155,0,0,0,"<LineString><coordinates>-111.938693,40.562301,0.0 -111.943762,40.562262,0.0</coordinates></LineString>",5208,11282,
11282,5208,a,300,660,2417,857.3000,0.4699,508.0378,35.0000,0.0617,0,F,0,0.0000,2417,0.0000,0.0000,24170.0000,0.0000,0.0000,0.0000,0.0000,0.0000,2417,0,0,0,"<LineString><coordinates>-111.943761,40.562231,0.0 -111.938693,40.562269,0.0</coordinates></LineString>",11282,5208,
5209,5211,a,300,660,4630,446.0000,0.8651,0.0000,39.0000,0.4816,1,F,0,0.0000,4630,0.0000,0.0000,46300.0000,0.0000,0.0000,0.0000,0.0000,0.0000,4630,0,0,0,"<LineString><coordinates>-111.938722,40.568083,0.0 -111.938671,40.573111,0.0</coordinates></LineString>",5209,5211,
5211,5209,a,300,660,5893,446.0000,1.1011,0.0000,39.0000,2.2597,6,F,0,0.0000,5893,0.0000,0.0000,58930.0000,0.0000,0.0000,0.0000,0.0000,0.0000,5893,0,0,0,"<LineString><coordinates>-111.938702,40.573111,0.0 -111.938754,40.568083,0.0</coordinates></LineString>",5211,5209,
5210,5211,a,300,660,5400,446.0000,1.0090,0.0000,39.0000,1.5649,4,F,0,0.0000,5400,0.0000,0.0000,54000.0000,0.0000,0.0000,0.0000,0.0000,0.0000,5400,0,0,0,"<LineString><coordinates>-111.938756,40.576960,0.0 -111.938702,40.573111,0.0</coordinates></LineString>",5210,5211,
5211,5210,a,300,660,5426,446.0000,1.0138,0.0000,39.0000,0.6231,2,F,0,0.0000,5426,0.0000,0.0000,54260.0000,0.0000,0.0000,0.0000,0.0000,0.0000,5426,0,0,0,"<LineString><coordinates>-111.938671,40.573111,0.0 -111.938725,40.576961,0.0</coordinates></LineString>",5211,5210,
5210,11172,a,300,660,5404,446.0000,1.0097,0.0000,39.0000,1.1119,3,F,0,0.0000,5404,0.0000,0.0000,54040.0000,0.0000,0.0000,0.0000,0.0000,0.0000,5404,0,0,0,"<LineString><coordinates>-111.938725,40.576961,0.0 -111.938803,40.584171,0.0</coordinates></LineString>",5210,11172,
11172,5210,a,300,660,5591,446.0000,1.0447,0.0000,39.0000,1.7902,5,F,0,0.0000,5591,0.0000,0.0000,55910.0000,0.0000,0.0000,0.0000,0.0000,0.0000,5591,0,0,0,"<LineString><coordinates>-111.938834,40.584171,0.0 -111.938756,40.576960,0.0</coordinates></LineString>",11172,5210,
5211,11180,a,300,660,623,666.4000,0.1558,0.0000,29.0000,26.3470,91,A,0,0.0000,623,0.0000,0.0000,6230.0000,0.0000,0.0000,0.0000,0.0000,0.0000,623,0,0,0,"<LineString><coordinates>-111.938686,40.573126,0.0 -111.944441,40.573269,0.0</coordinates></LineString>",5211,11180,
11180,5211,a,300,660,2742,666.4000,0.6858,401.9158,29.0000,0.0866,0,F,0,0.0000,2742,0.0000,0.0000,27420.0000,0.0000,0.0000,0.0000,0.0000,0.0000,2742,0,0,0,"<LineString><coordinates>-111.944442,40.573238,0.0 -111.938687,40.573095,0.0</coordinates></LineString>",11180,5211,
5211,11181,a,300,660,1528,666.4000,0.3822,0.0000,29.0000,1.4325,5,F,0,0.0000,1528,0.0000,0.0000,15280.0000,0.0000,0.0000,0.0000,0.0000,0.0000,1528,0,0,0,"<LineString><coordinates>-111.938687,40.573095,0.0 -111.931031,40.573157,0.0</coordinates></LineString>",5211,11181,
11181,5211,a,300,660,1908,666.4000,0.4772,0.0000,29.0000,10.5445,36,E,0,0.0000,1908,0.0000,0.0000,19080.0000,0.0000,0.0000,0.0000,0.0000,0.0000,1908,0,0,0,"<LineString><coordinates>-111.931031,40.573188,0.0 -111.938687,40.573126,0.0</coordinates></LineString>",11181,5211,
5214,6256,a,300,660,2003,666.4000,0.5010,0.0000,29.0000,26.9308,93,A,0,0.0000,2003,0.0000,0.0000,20030.0000,0.0000,0.0000,0.0000,0.0000,0.0000,2003,0,0,0,"<LineString><coordinates>-111.929191,40.562199,0.0 -111.929124,40.568044,0.0</coordinates></LineString>",5214,6256,
6256,5214,a,300,660,1909,666.4000,0.4774,0.0000,29.0000,1.4907,5,F,0,0.0000,1909,0.0000,0.0000,19090.0000,0.0000,0.0000,0.0000,0.0000,0.0000,1909,0,0,0,"<LineString><coordinates>-111.929155,40.568044,0.0 -111.929222,40.562200,0.0</coordinates></LineString>",6256,5214,
5214,11259,a,300,660,4051,407.2000,0.8290,0.0000,36.0000,4.0875,11,F,0,0.0000,4051,0.0000,0.0000,40510.0000,0.0000,0.0000,0.0000,0.0000,0.0000,4051,0,0,0,"<LineString><coordinates>-111.929208,40.562184,0.0 -111.926738,40.561994,0.0</coordinates></LineString>",5214,11259,
11259,5214,a,300,660,3572,407.2000,0.7310,0.0000,36.0000,0.4323,1,F,0,0.0000,3572,0.0000,0.0000,35720.0000,0.0000,0.0000,0.0000,0.0000,0.0000,3572,0,0,0,"<LineString><coordinates>-111.926736,40.562025,0.0 -111.929205,40.562215,0.0</coordinates></LineString>",11259,5214,
5214,11261,a,300,660,4208,407.2000,0.8612,0.0000,36.0000,0.3318,1,F,0,0.0000,4208,0.0000,0.0000,42080.0000,0.0000,0.0000,0.0000,0.0000,0.0000,4208,0,0,0,"<LineString><coordinates>-111.929206,40.562215,0.0 -111.934612,40.562313,0.0</coordinates></LineString>",5214,11261,
11261,5214,a,300,660,4803,407.2000,0.9829,0.0000,36.0000,3.2529,9,F,0,0.0000,4803,0.0000,0.0000,48030.0000,0.0000,0.0000,0.0000,0.0000,0.0000,4803,0,0,0,"<LineString><coordinates>-111.934612,40.562282,0.0 -111.929207,40.562184,0.0</coordinates></LineString>",11261,5214,
5214,11281,a,300,660,2599,666.4000,0.6500,0.0000,29.0000,27.6107,95,A,0,0.0000,2599,0.0000,0.0000,25990.0000,0.0000,0.0000,0.0000,0.0000,0.0000,2599,0,0,0,"<LineString><coordinates>-111.929222,40.562199,0.0 -111.929169,40.555761,0.0</coordinates></LineString>",5214,11281,
11281,5214,a,300,660,2908,666.4000,0.7273,517.2285,29.0000,0.0988,0,F,0,0.0000,2908,0.0000,0.0000,29080.0000,0.0000,0.0000,0.0000,0.0000,0.0000,2908,0,0,0,"<LineString><coordinates>-111.929138,40.555761,0.0 -111.929191,40.562200,0.0</coordinates></LineString>",11281,5214,
5215,5588,a,300,660,2590,666.4000,0.6478,0.0000,29.0000,0.4098,1,F,0,0.0000,2590,0.0000,0.0000,25900.0000,0.0000,0.0000,0.0000,0.0000,0.0000,2590,0,0,0,"<LineString><coordinates>-111.919680,40.572438,0.0 -111.917020,40.571972,0.0</coordinates></LineString>",5215,5588,
5588,5215,a,300,660,2761,666.4000,0.6905,0.0000,29.0000,2.6896,9,F,0,0.0000,2761,0.0000,0.0000,27610.0000,0.0000,0.0000,0.0000,0.0000,0.0000,2761,0,0,0,"<LineString><coordinates>-111.917015,40.572003,0.0 -111.919675,40.572469,0.0</coordinates></LineString>",5588,5215,
5215,6255,a,300,660,229,514.5000,0.0742,0.0000,26.0000,25.0650,96,A,0,0.0000,229,0.0000,0.0000,2290.0000,0.0000,0.0000,0.0000,0.0000,0.0000,229,0,0,0,"<LineString><coordinates>-111.919693,40.572453,0.0 -111.919642,40.565871,0.0</coordinates></LineString>",5215,6255,
6255,5215,a,300,660,200,514.5000,0.0648,0.0000,26.0000,2.7026,10,F,0,0.0000,200,0.0000,0.0000,2000.0000,0.0000,0.0000,0.0000,0.0000,0.0000,200,0,0,0,"<LineString><coordinates>-111.919611,40.565871,0.0 -111.919662,40.572454,0.0</coordinates></LineString>",6255,5215,
5215,11183,a,300,660,2887,666.4000,0.7220,0.0000,29.0000,2.6356,9,F,0,0.0000,2887,0.0000,0.0000,28870.0000,0.0000,0.0000,0.0000,0.0000,0.0000,2887,0,0,0,"<LineString><coordinates>-111.919677,40.572469,0.0 -111.923406,40.572492,0.0</coordinates></LineString>",5215,11183,
11183,5215,a,300,660,2753,666.4000,0.6885,0.0000,29.0000,4.6363,16,F,0,0.0000,2753,0.0000,0.0000,27530.0000,0.0000,0.0000,0.0000,0.0000,0.0000,2753,0,0,0,"<LineString><coordinates>-111.923406,40.572461,0.0 -111.919678,40.572438,0.0</coordinates></LineString>",11183,5215,
5216,5356,a,300,660,4672,386.8000,1.0065,0.0000,27.0000,6.8768,25,F,0,0.0000,4672,0.0000,0.0000,46720.0000,0.0000,0.0000,0.0000,0.0000,0.0000,4672,0,0,0,"<LineString><coordinates>-111.902774,40.558982,0.0 -111.899113,40.558958,0.0</coordinates></LineString>",5216,5356,
5356,5216,a,300,660,4364,386.8000,0.9402,489.8889,27.0000,0.0462,0,F,0,0.0000,4364,0.0000,0.0000,43640.0000,0.0000,0.0000,0.0000,0.0000,0.0000,4364,0,0,0,"<LineString><coordinates>-111.899113,40.558989,0.0 -111.902774,40.559013,0.0</coordinates></LineString>",5356,5216,
5216,5868,a,300,660,4396,386.8000,0.9471,0.0000,27.0000,0.8792,3,F,0,0.0000,4396,0.0000,0.0000,43960.0000,0.0000,0.0000,0.0000,0.0000,0.0000,4396,0,0,0,"<LineString><coordinates>-111.902774,40.559013,0.0 -111.910187,40.558876,0.0</coordinates></LineString>",5216,5868,
5868,5216,a,300,660,4796,386.8000,1.0333,0.0000,27.0000,4.5737,17,F,0,0.0000,4796,0.0000,0.0000,47960.0000,0.0000,0.0000,0.0000,0.0000,0.0000,4796,0,0,0,"<LineString><coordinates>-111.910186,40.558844,0.0 -111.902774,40.558982,0.0</coordinates></LineString>",5868,5216,
5216,10847,a,300,660,51,316.5000,0.0134,0.0000,30.0000,25.6452,85,B,0,0.0000,51,0.0000,0.0000,510.0000,0.0000,0.0000,0.0000,0.0000,0.0000,51,0,0,0,"<LineString><coordinates>-111.902789,40.558997,0.0 -111.902765,40.557151,0.0</coordinates></LineString>",5216,10847,
10847,5216,a,300,660,388,316.5000,0.1022,240.5197,30.0000,0.0529,0,F,0,0.0000,388,0.0000,0.0000,3880.0000,0.0000,0.0000,0.0000,0.0000,0.0000,388,0,0,0,"<LineString><coordinates>-111.902733,40.557151,0.0 -111.902758,40.558998,0.0</coordinates></LineString>",10847,5216,
5216,11507,a,300,660,224,300.7000,0.0621,0.0000,25.0000,24.8121,99,A,0,0.0000,224,0.0000,0.0000,2240.0000,0.0000,0.0000,0.0000,0.0000,0.0000,224,0,0,0,"<LineString><coordinates>-111.902758,40.558996,0.0 -111.902512,40.562392,0.0</coordinates></LineString>",5216,11507,
11507,5216,a,300,660,0,300.7000,0.0000,0.0000,25.0000,25.0000,100,A,0,0.0000,0,0.0000,0.0000,0.0000,0.0000,0.0000,0.0000,0.0000,0.0000,0,0,0,0,"<LineString><coordinates>-111.902543,40.562395,0.0 -111.902789,40.558999,0.0</coordinates></LineString>",11507,5216,
5219,5232,a,300,660,1892,666.4000,0.4732,0.0000,29.0000,1.5015,5,F,0,0.0000,1892,0.0000,0.0000,18920.0000,0.0000,0.0000,0.0000,0.0000,0.0000,1892,0,0,0,"<LineString><coordinates>-111.929187,40.576740,0.0 -111.929216,40.572493,0.0</coordinates></LineString>",5219,5232,
5232,5219,a,300,660,2381,666.4000,0.5955,0.0000,29.0000,4.1111,14,F,0,0.0000,2381,0.0000,0.0000,23810.0000,0.0000,0.0000,0.0000,0.0000,0.0000,2381,0,0,0,"<LineString><coordinates>-111.929185,40.572493,0.0 -111.929156,40.576740,0.0</coordinates></LineString>",5232,5219,
5219,11173,a,300,660,3006,666.4000,0.7518,0.0000,29.0000,3.3758,12,F,0,0.0000,3006,0.0000,0.0000,30060.0000,0.0000,0.0000,0.0000,0.0000,0.0000,3006,0,0,0,"<LineString><coordinates>-111.929156,40.576740,0.0 -111.929230,40.584369,0.0</coordinates></LineString>",5219,11173,
11173,5219,a,300,660,2245,666.4000,0.5615,0.0000,29.0000,1.6373,6,F,0,0.0000,2245,0.0000,0.0000,22450.0000,0.0000,0.0000,0.0000,0.0000,0.0000,2245,0,0,0,"<LineString><coordinates>-111.929261,40.584369,0.0 -111.929187,40.576740,0.0</coordinates></LineString>",11173,5219,
5232,6256,a,300,660,1816,666.4000,0.4542,0.0000,29.0000,1.5735,5,F,0,0.0000,1816,0.0000,0.0000,18160.0000,0.0000,0.0000,0.0000,0.0000,0.0000,1816,0,0,0,"<LineString><coordinates>-111.929216,40.572493,0.0 -111.929155,40.568044,0.0</coordinates></LineString>",5232,6256,
6256,5232,a,300,660,2189,666.4000,0.5475,0.0000,29.0000,14.6061,50,C,0,0.0000,2189,0.0000,0.0000,21890.0000,0.0000,0.0000,0.0000,0.0000,0.0000,2189,0,0,0,"<LineString><coordinates>-111.929124,40.568044,0.0 -111.929185,40.572493,0.0</coordinates></LineString>",6256,5232,
5232,11182,a,300,660,2165,666.4000,0.5415,0.0000,29.0000,19.9242,69,C,0,0.0000,2165,0.0000,0.0000,21650.0000,0.0000,0.0000,0.0000,0.0000,0.0000,2165,0,0,0,"<LineString><coordinates>-111.929199,40.572509,0.0 -111.930152,40.572596,0.0</coordinates></LineString>",5232,11182,
11182,5232,a,300,660,1933,666.4000,0.4834,0.0000,29.0000,0.3580,1,F,0,0.0000,1933,0.0000,0.0000,19330.0000,0.0000,0.0000,0.0000,0.0000,0.0000,1933,0,0,0,"<LineString><coordinates>-111.930155,40.572565,0.0 -111.929202,40.572478,0.0</coordinates></LineString>",11182,5232,
5232,11183,a,300,660,2469,666.4000,0.6175,0.0000,29.0000,5.6862,20,F,0,0.0000,2469,0.0000,0.0000,24690.0000,0.0000,0.0000,0.0000,0.0000,0.0000,2469,0,0,0,"<LineString><coordinates>-111.929201,40.572478,0.0 -111.923406,40.572461,0.0</coordinates></LineString>",5232,11183,
11183,5232,a,300,660,2824,666.4000,0.7063,0.0000,29.0000,2.3179,8,F,0,0.0000,2824,0.0000,0.0000,28240.0000,0.0000,0.0000,0.0000,0.0000,0.0000,2824,0,0,0,"<LineString><coordinates>-111.923406,40.572492,0.0 -111.929201,40.572509,0.0</coordinates></LineString>",11183,5232,
5436,5577,a,300,660,6627,407.2000,1.3562,0.0000,36.0000,3.1921,9,F,0,0.0000,6627,0.0000,0.0000,66270.0000,0.0000,0.0000,0.0000,0.0000,0.0000,6627,0,0,0,"<LineString><coordinates>-111.938742,40.624100,0.0 -111.942300,40.624053,0.0</coordinates></LineString>",5436,5577,
5577,5436,a,300,660,5515,407.2000,1.1286,403.1768,36.0000,0.0550,0,F,0,0.0000,5515,0.0000,0.0000,55150.0000,0.0000,0.0000,0.0000,0.0000,0.0000,5515,0,0,0,"<LineString><coordinates>-111.942300,40.624022,0.0 -111.938742,40.624069,0.0</coordinates></LineString>",5577,5436,
5436,5578,a,300,660,4356,284.8000,0.8497,0.0000,39.0000,36.0558,92,A,0,0.0000,4356,0.0000,0.0000,43560.0000,0.0000,0.0000,0.0000,0.0000,0.0000,4356,0,0,0,"<LineString><coordinates>-111.938726,40.624085,0.0 -111.938744,40.630427,0.0</coordinates></LineString>",5436,5578,
5578,5436,a,300,660,5028,284.8000,0.9808,397.4342,39.0000,0.1242,0,F,0,0.0000,5028,0.0000,0.0000,50280.0000,0.0000,0.0000,0.0000,0.0000,0.0000,5028,0,0,0,"<LineString><coordinates>-111.938776,40.630427,0.0 -111.938758,40.624085,0.0</coordinates></LineString>",5578,5436,
5436,11125,a,300,660,4784,407.2000,0.9790,0.0000,36.0000,7.5806,21,F,0,0.0000,4784,0.0000,0.0000,47840.0000,0.0000,0.0000,0.0000,0.0000,0.0000,4784,0,0,0,"<LineString><coordinates>-111.938742,40.624069,0.0 -111.933970,40.624008,0.0</coordinates></LineString>",5436,11125,
11125,5436,a,300,660,5613,407.2000,1.1487,0.0000,36.0000,0.5865,2,F,0,0.0000,5613,0.0000,0.0000,56130.0000,0.0000,0.0000,0.0000,0.0000,0.0000,5613,0,0,0,"<LineString><coordinates>-111.933970,40.624039,0.0 -111.938742,40.624100,0.0</coordinates></LineString>",11125,5436,
5440,11125,a,300,660,4939,407.2000,1.0108,0.0000,36.0000,0.3922,1,F,0,0.0000,4939,0.0000,0.0000,49390.0000,0.0000,0.0000,0.0000,0.0000,0.0000,4939,0,0,0,"<LineString><coordinates>-111.929190,40.624132,0.0 -111.933970,40.624039,0.0</coordinates></LineString>",5440,11125,
11125,5440,a,300,660,5909,407.2000,1.2093,0.0000,36.0000,5.3684,15,F,0,0.0000,5909,0.0000,0.0000,59090.0000,0.0000,0.0000,0.0000,0.0000,0.0000,5909,0,0,0,"<LineString><coordinates>-111.933970,40.624008,0.0 -111.929189,40.624101,0.0</coordinates></LineString>",11125,5440,
5440,11127,a,300,660,5431,407.2000,1.1115,0.0000,36.0000,24.4115,68,C,0,0.0000,5431,0.0000,0.0000,54310.0000,0.0000,0.0000,0.0000,0.0000,0.0000,5431,0,0,0,"<LineString><coordinates>-111.929191,40.624101,0.0 -111.924687,40.623731,0.0</coordinates></LineString>",5440,11127,
11127,5440,a,300,660,4056,407.2000,0.8301,0.0000,36.0000,0.6371,2,F,0,0.0000,4056,0.0000,0.0000,40560.0000,0.0000,0.0000,0.0000,0.0000,0.0000,4056,0,0,0,"<LineString><coordinates>-111.924685,40.623762,0.0 -111.929188,40.624132,0.0</coordinates></LineString>",11127,5440,
5440,11827,a,300,660,1975,666.4000,0.4939,0.0000,32.0000,26.6551,83,B,0,0.0000,1975,0.0000,0.0000,19750.0000,0.0000,0.0000,0.0000,0.0000,0.0000,1975,0,0,0,"<LineString><coordinates>-111.929174,40.624117,0.0 -111.929176,40.626782,0.0</coordinates></LineString>",5440,11827,
11827,5440,a,300,660,2508,666.4000,0.6273,463.4540,32.0000,0.0466,0,F,0,0.0000,2508,0.0000,0.0000,25080.0000,0.0000,0.0000,0.0000,0.0000,0.0000,2508,0,0,0,"<LineString><coordinates>-111.929207,40.626782,0.0 -111.929205,40.624117,0.0</coordinates></LineString>",11827,5440,
5441,5861,a,300,660,5329,407.2000,1.0906,0.0000,36.0000,3.7417,10,F,0,0.0000,5329,0.0000,0.0000,53290.0000,0.0000,0.0000,0.0000,0.0000,0.0000,5329,0,0,0,"<LineString><coordinates>-111.917116,40.623232,0.0 -111.915204,40.621804,0.0</coordinates></LineString>",5441,5861,
5861,5441,a,300,660,4205,407.2000,0.8606,0.0000,36.0000,1.4492,4,F,0,0.0000,4205,0.0000,0.0000,42050.0000,0.0000,0.0000,0.0000,0.0000,0.0000,4205,0,0,0,"<LineString><coordinates>-111.915185,40.621829,0.0 -111.917097,40.623256,0.0</coordinates></LineString>",5861,5441,
5441,11126,a,300,660,4204,407.2000,0.8603,0.0000,36.0000,1.1741,3,F,0,0.0000,4204,0.0000,0.0000,42040.0000,0.0000,0.0000,0.0000,0.0000,0.0000,4204,0,0,0,"<LineString><coordinates>-111.917102,40.623259,0.0 -111.918632,40.623739,0.0</coordinates></LineString>",5441,11126,
11126,5441,a,300,660,5365,407.2000,1.0979,0.0000,36.0000,4.6803,13,F,0,0.0000,5365,0.0000,0.0000,53650.0000,0.0000,0.0000,0.0000,0.0000,0.0000,5365,0,0,0,"<LineString><coordinates>-111.918642,40.623709,0.0 -111.917111,40.623229,0.0</coordinates></LineString>",11126,5441,
5524,5863,a,300,660,4764,407.2000,0.9750,0.0000,36.0000,1.9253,5,F,0,0.0000,4764,0.0000,0.0000,47640.0000,0.0000,0.0000,0.0000,0.0000,0.0000,4764,0,0,0,"<LineString><coordinates>-111.925486,40.608716,0.0 -111.916781,40.610250,0.0</coordinates></LineString>",5524,5863,
5863,5524,a,300,660,5691,407.2000,1.1647,0.0000,36.0000,35.4855,99,A,0,0.0000,5691,0.0000,0.0000,56910.0000,0.0000,0.0000,0.0000,0.0000,0.0000,5691,0,0,0,"<LineString><coordinates>-111.916786,40.610280,0.0 -111.925491,40.608747,0.0</coordinates></LineString>",5863,5524,
5587,10857,a,300,660,376,514.5000,0.1218,0.0000,26.0000,23.8029,92,A,0,0.0000,376,0.0000,0.0000,3760.0000,0.0000,0.0000,0.0000,0.0000,0.0000,376,0,0,0,"<LineString><coordinates>-111.919244,40.560312,0.0 -111.919641,40.562404,0.0</coordinates></LineString>",5587,10857,
10857,5587,a,300,660,262,514.5000,0.0849,0.0000,26.0000,0.2684,1,F,0,0.0000,262,0.0000,0.0000,2620.0000,0.0000,0.0000,0.0000,0.0000,0.0000,262,0,0,0,"<LineString><coordinates>-111.919672,40.562399,0.0 -111.919275,40.560306,0.0</coordinates></LineString>",10857,5587,
5587,11259,a,300,660,3495,407.2000,0.7153,0.0000,36.0000,1.3247,4,F,0,0.0000,3495,0.0000,0.0000,34950.0000,0.0000,0.0000,0.0000,0.0000,0.0000,3495,0,0,0,"<LineString><coordinates>-111.919256,40.560324,0.0 -111.926733,40.562024,0.0</coordinates></LineString>",5587,11259,
11259,5587,a,300,660,3995,407.2000,0.8176,0.0000,36.0000,2.9215,8,F,0,0.0000,3995,0.0000,0.0000,39950.0000,0.0000,0.0000,0.0000,0.0000,0.0000,3995,0,0,0,"<LineString><coordinates>-111.926740,40.561994,0.0 -111.919263,40.560293,0.0</coordinates></LineString>",11259,5587,
5588,11184,a,300,660,3541,633.1000,0.9322,0.0000,24.0000,4.5701,19,F,0,0.0000,3541,0.0000,0.0000,35410.0000,0.0000,0.0000,0.0000,0.0000,0.0000,3541,0,0,0,"<LineString><coordinates>-111.917016,40.571972,0.0 -111.913768,40.572315,0.0</coordinates></LineString>",5588,11184,
11184,5588,a,300,660,3953,633.1000,1.0406,0.0000,24.0000,2.4219,10,F,0,0.0000,3953,0.0000,0.0000,39530.0000,0.0000,0.0000,0.0000,0.0000,0.0000,3953,0,0,0,"<LineString><coordinates>-111.913771,40.572346,0.0 -111.917019,40.572003,0.0</coordinates></LineString>",11184,5588,
5728,5729,a,300,660,2738,633.1000,0.7208,0.0000,24.0000,1.1128,5,F,0,0.0000,2738,0.0000,0.0000,27380.0000,0.0000,0.0000,0.0000,0.0000,0.0000,2738,0,0,0,"<LineString><coordinates>-111.900810,40.573575,0.0 -111.900841,40.569709,0.0</coordinates></LineString>",5728,5729,
5729,5728,a,300,660,3227,633.1000,0.8495,0.0000,24.0000,16.3749,68,C,0,0.0000,3227,0.0000,0.0000,32270.0000,0.0000,0.0000,0.0000,0.0000,0.0000,3227,0,0,0,"<LineString><coordinates>-111.900810,40.569709,0.0 -111.900778,40.573575,0.0</coordinates></LineString>",5729,5728,
5728,7984,a,300,660,2939,633.1000,0.7737,0.0000,24.0000,23.9249,100,A,0,0.0000,2939,0.0000,0.0000,29390.0000,0.0000,0.0000,0.0000,0.0000,0.0000,2939,0,0,0,"<LineString><coordinates>-111.900778,40.573574,0.0 -111.900685,40.580647,0.0</coordinates></LineString>",5728,7984,
7984,5728,a,300,660,2917,633.1000,0.7679,0.0000,24.0000,14.7416,61,C,0,0.0000,2917,0.0000,0.0000,29170.0000,0.0000,0.0000,0.0000,0.0000,0.0000,2917,0,0,0,"<LineString><coordinates>-111.900717,40.580648,0.0 -111.900810,40.573575,0.0</coordinates></LineString>",7984,5728,
5729,5929,a,300,660,804,300.7000,0.2228,0.0000,25.0000,22.9032,92,A,0,0.0000,804,0.0000,0.0000,8040.0000,0.0000,0.0000,0.0000,0.0000,0.0000,804,0,0,0,"<LineString><coordinates>-111.900825,40.569693,0.0 -111.897106,40.569706,0.0</coordinates></LineString>",5729,5929,
5929,5729,a,300,660,2028,300.7000,0.5620,407.6075,25.0000,0.0623,0,F,0,0.0000,2028,0.0000,0.0000,20280.0000,0.0000,0.0000,0.0000,0.0000,0.0000,2028,0,0,0,"<LineString><coordinates>-111.897106,40.569737,0.0 -111.900825,40.569724,0.0</coordinates></LineString>",5929,5729,
5730,8172,a,300,660,2251,633.1000,0.5926,0.0000,24.0000,23.7778,99,A,0,0.0000,2251,0.0000,0.0000,22510.0000,0.0000,0.0000,0.0000,0.0000,0.0000,2251,0,0,0,"<LineString><coordinates>-111.905514,40.583282,0.0 -111.905518,40.580699,0.0</coordinates></LineString>",5730,8172,
8172,5730,a,300,660,2461,633.1000,0.6479,0.0000,24.0000,2.5404,11,F,0,0.0000,2461,0.0000,0.0000,24610.0000,0.0000,0.0000,0.0000,0.0000,0.0000,2461,0,0,0,"<LineString><coordinates>-111.905487,40.580699,0.0 -111.905483,40.583282,0.0</coordinates></LineString>",8172,5730,
5730,11763,a,300,660,2457,633.1000,0.6468,0.0000,24.0000,2.2329,9,F,0,0.0000,2457,0.0000,0.0000,24570.0000,0.0000,0.0000,0.0000,0.0000,0.0000,2457,0,0,0,"<LineString><coordinates>-111.905483,40.583282,0.0 -111.905473,40.584909,0.0</coordinates></LineString>",5730,11763,
11763,5730,a,300,660,2254,633.1000,0.5934,0.0000,24.0000,23.7888,99,A,0,0.0000,2254,0.0000,0.0000,22540.0000,0.0000,0.0000,0.0000,0.0000,0.0000,2254,0,0,0,"<LineString><coordinates>-111.905504,40.584909,0.0 -111.905514,40.583282,0.0</coordinates></LineString>",11763,5730,
5736,8116,a,300,660,203,514.5000,0.0658,0.0000,26.0000,23.8151,92,A,0,0.0000,203,0.0000,0.0000,2030.0000,0.0000,0.0000,0.0000,0.0000,0.0000,203,0,0,0,"<LineString><coordinates>-111.938695,40.602358,0.0 -111.944862,40.602308,0.0</coordinates></LineString>",5736,8116,
8116,5736,a,300,660,404,514.5000,0.1309,77.1991,26.0000,0.3365,1,F,0,0.0000,404,0.0000,0.0000,4040.0000,0.0000,0.0000,0.0000,0.0000,0.0000,404,0,0,0,"<LineString><coordinates>-111.944862,40.602277,0.0 -111.938694,40.602327,0.0</coordinates></LineString>",8116,5736,
5736,11146,a,300,660,6413,284.8000,1.2510,0.0000,43.0000,1.3125,3,F,0,0.0000,6413,0.0000,0.0000,64130.0000,0.0000,0.0000,0.0000,0.0000,0.0000,6413,0,0,0,"<LineString><coordinates>-111.938679,40.602343,0.0 -111.938842,40.605899,0.0</coordinates></LineString>",5736,11146,
11146,5736,a,300,660,6318,284.8000,1.2324,0.0000,43.0000,1.2563,3,F,0,0.0000,6318,0.0000,0.0000,63180.0000,0.0000,0.0000,0.0000,0.0000,0.0000,6318,0,0,0,"<LineString><coordinates>-111.938874,40.605898,0.0 -111.938710,40.602342,0.0</coordinates></LineString>",11146,5736,
5736,11148,a,300,660,6288,284.8000,1.2266,0.0000,43.0000,1.0412,2,F,0,0.0000,6288,0.0000,0.0000,62880.0000,0.0000,0.0000,0.0000,0.0000,0.0000,6288,0,0,0,"<LineString><coordinates>-111.938710,40.602343,0.0 -111.938809,40.599039,0.0</coordinates></LineString>",5736,11148,
11148,5736,a,300,660,6396,284.8000,1.2477,0.0000,43.0000,1.0168,2,F,0,0.0000,6396,0.0000,0.0000,63960.0000,0.0000,0.0000,0.0000,0.0000,0.0000,6396,0,0,0,"<LineString><coordinates>-111.938778,40.599038,0.0 -111.938679,40.602342,0.0</coordinates></LineString>",11148,5736,
5820,11147,a,300,660,2552,666.4000,0.6383,0.0000,32.0000,3.9878,12,F,0,0.0000,2552,0.0000,0.0000,25520.0000,0.0000,0.0000,0.0000,0.0000,0.0000,2552,0,0,0,"<LineString><coordinates>-111.929251,40.603321,0.0 -111.929219,40.607691,0.0</coordinates></LineString>",5820,11147,
11147,5820,a,300,660,2616,666.4000,0.6543,0.0000,32.0000,30.8557,96,A,0,0.0000,2616,0.0000,0.0000,26160.0000,0.0000,0.0000,0.0000,0.0000,0.0000,2616,0,0,0,"<LineString><coordinates>-111.929250,40.607691,0.0 -111.929282,40.603321,0.0</coordinates></LineString>",11147,5820,
5861,10872,a,300,660,5271,407.2000,1.0787,0.0000,36.0000,2.5881,7,F,0,0.0000,5271,0.0000,0.0000,52710.0000,0.0000,0.0000,0.0000,0.0000,0.0000,5271,0,0,0,"<LineString><coordinates>-111.915199,40.621802,0.0 -111.913112,40.621080,0.0</coordinates></LineString>",5861,10872,
10872,5861,a,300,660,4207,407.2000,0.8610,0.0000,36.0000,1.7633,5,F,0,0.0000,4207,0.0000,0.0000,42070.0000,0.0000,0.0000,0.0000,0.0000,0.0000,4207,0,0,0,"<LineString><coordinates>-111.913102,40.621109,0.0 -111.915189,40.621832,0.0</coordinates></LineString>",10872,5861,
5868,6253,a,300,660,1003,514.5000,0.3249,0.0000,26.0000,24.4418,94,A,0,0.0000,1003,0.0000,0.0000,10030.0000,0.0000,0.0000,0.0000,0.0000,0.0000,1003,0,0,0,"<LineString><coordinates>-111.910199,40.558870,0.0 -111.913660,40.554725,0.0</coordinates></LineString>",5868,6253,
6253,5868,a,300,660,1894,514.5000,0.6135,458.6623,26.0000,0.0852,0,F,0,0.0000,1894,0.0000,0.0000,18940.0000,0.0000,0.0000,0.0000,0.0000,0.0000,1894,0,0,0,"<LineString><coordinates>-111.913637,40.554705,0.0 -111.910175,40.558850,0.0</coordinates></LineString>",6253,5868,
6185,8172,a,300,660,937,666.4000,0.2343,0.0000,29.0000,1.0431,4,F,0,0.0000,937,0.0000,0.0000,9370.0000,0.0000,0.0000,0.0000,0.0000,0.0000,937,0,0,0,"<LineString><coordinates>-111.905498,40.575754,0.0 -111.905487,40.580699,0.0</coordinates></LineString>",6185,8172,
8172,6185,a,300,660,554,666.4000,0.1386,0.0000,29.0000,28.8472,99,A,0,0.0000,554,0.0000,0.0000,5540.0000,0.0000,0.0000,0.0000,0.0000,0.0000,554,0,0,0,"<LineString><coordinates>-111.905518,40.580699,0.0 -111.905529,40.575754,0.0</coordinates></LineString>",8172,6185,
6255,10857,a,300,660,262,514.5000,0.0849,0.0000,26.0000,0.3408,1,F,0,0.0000,262,0.0000,0.0000,2620.0000,0.0000,0.0000,0.0000,0.0000,0.0000,262,0,0,0,"<LineString><coordinates>-111.919642,40.565871,0.0 -111.919672,40.562402,0.0</coordinates></LineString>",6255,10857,
10857,6255,a,300,660,376,514.5000,0.1218,0.0000,26.0000,23.9649,92,A,0,0.0000,376,0.0000,0.0000,3760.0000,0.0000,0.0000,0.0000,0.0000,0.0000,376,0,0,0,"<LineString><coordinates>-111.919641,40.562401,0.0 -111.919611,40.565870,0.0</coordinates></LineString>",10857,6255,
6270,6273,a,300,660,3532,633.1000,0.9298,0.0000,24.0000,2.3231,10,F,0,0.0000,3532,0.0000,0.0000,35320.0000,0.0000,0.0000,0.0000,0.0000,0.0000,3532,0,0,0,"<LineString><coordinates>-111.904832,40.593816,0.0 -111.905662,40.596467,0.0</coordinates></LineString>",6270,6273,
6273,6270,a,300,660,2837,633.1000,0.7469,0.0000,24.0000,23.8727,99,A,0,0.0000,2837,0.0000,0.0000,28370.0000,0.0000,0.0000,0.0000,0.0000,0.0000,2837,0,0,0,"<LineString><coordinates>-111.905692,40.596457,0.0 -111.904862,40.593807,0.0</coordinates></LineString>",6273,6270,
6270,10853,a,300,660,2836,633.1000,0.7466,0.0000,24.0000,23.3405,97,A,0,0.0000,2836,0.0000,0.0000,28360.0000,0.0000,0.0000,0.0000,0.0000,0.0000,2836,0,0,0,"<LineString><coordinates>-111.904862,40.593807,0.0 -111.904457,40.592381,0.0</coordinates></LineString>",6270,10853,
10853,6270,a,300,660,3534,633.1000,0.9303,0.0000,24.0000,2.2868,10,F,0,0.0000,3534,0.0000,0.0000,35340.0000,0.0000,0.0000,0.0000,0.0000,0.0000,3534,0,0,0,"<LineString><coordinates>-111.904427,40.592389,0.0 -111.904832,40.593816,0.0</coordinates></LineString>",10853,6270,
6273,10851,a,300,660,3530,633.1000,0.9293,0.0000,24.0000,2.1953,9,F,0,0.0000,3530,0.0000,0.0000,35300.0000,0.0000,0.0000,0.0000,0.0000,0.0000,3530,0,0,0,"<LineString><coordinates>-111.905664,40.596472,0.0 -111.906118,40.597044,0.0</coordinates></LineString>",6273,10851,
10851,6273,a,300,660,2837,633.1000,0.7469,0.0000,24.0000,22.8718,95,A,0,0.0000,2837,0.0000,0.0000,28370.0000,0.0000,0.0000,0.0000,0.0000,0.0000,2837,0,0,0,"<LineString><coordinates>-111.906142,40.597024,0.0 -111.905689,40.596452,0.0</coordinates></LineString>",10851,6273,
7210,10850,a,300,660,748,633.1000,0.1969,0.0000,24.0000,23.9658,100,A,0,0.0000,748,0.0000,0.0000,7480.0000,0.0000,0.0000,0.0000,0.0000,0.0000,748,0,0,0,"<LineString><coordinates>-111.904827,40.585851,0.0 -111.904181,40.585610,0.0</coordinates></LineString>",7210,10850,
10850,7210,a,300,660,543,633.1000,0.1429,0.0000,24.0000,1.1203,5,F,0,0.0000,543,0.0000,0.0000,5430.0000,0.0000,0.0000,0.0000,0.0000,0.0000,543,0,0,0,"<LineString><coordinates>-111.904170,40.585639,0.0 -111.904816,40.585880,0.0</coordinates></LineString>",10850,7210,
7210,10854,a,300,660,2981,633.1000,0.7848,0.0000,24.0000,1.4860,6,F,0,0.0000,2981,0.0000,0.0000,29810.0000,0.0000,0.0000,0.0000,0.0000,0.0000,2981,0,0,0,"<LineString><coordinates>-111.904809,40.585856,0.0 -111.904180,40.586681,0.0</coordinates></LineString>",7210,10854,
10854,7210,a,300,660,2987,633.1000,0.7863,0.0000,24.0000,22.3434,93,A,0,0.0000,2987,0.0000,0.0000,29870.0000,0.0000,0.0000,0.0000,0.0000,0.0000,2987,0,0,0,"<LineString><coordinates>-111.904205,40.586700,0.0 -111.904833,40.585875,0.0</coordinates></LineString>",10854,7210,
7210,11763,a,300,660,2255,633.1000,0.5936,0.0000,24.0000,22.3782,93,A,0,0.0000,2255,0.0000,0.0000,22550.0000,0.0000,0.0000,0.0000,0.0000,0.0000,2255,0,0,0,"<LineString><coordinates>-111.904834,40.585874,0.0 -111.905501,40.584918,0.0</coordinates></LineString>",7210,11763,
11763,7210,a,300,660,2456,633.1000,0.6466,0.0000,24.0000,0.8321,3,F,0,0.0000,2456,0.0000,0.0000,24560.0000,0.0000,0.0000,0.0000,0.0000,0.0000,2456,0,0,0,"<LineString><coordinates>-111.905476,40.584900,0.0 -111.904808,40.585857,0.0</coordinates></LineString>",11763,7210,
7984,10849,a,300,660,544,633.1000,0.1432,0.0000,24.0000,23.7385,99,A,0,0.0000,544,0.0000,0.0000,5440.0000,0.0000,0.0000,0.0000,0.0000,0.0000,544,0,0,0,"<LineString><coordinates>-111.900685,40.580648,0.0 -111.900656,40.584264,0.0</coordinates></LineString>",7984,10849,
10849,7984,a,300,660,514,633.1000,0.1353,0.0000,24.0000,23.9832,100,A,0,0.0000,514,0.0000,0.0000,5140.0000,0.0000,0.0000,0.0000,0.0000,0.0000,514,0,0,0,"<LineString><coordinates>-111.900688,40.584264,0.0 -111.900717,40.580648,0.0</coordinates></LineString>",10849,7984,
7984,11489,a,300,660,2412,814.4000,0.4936,0.0000,30.0000,29.5666,99,A,0,0.0000,2412,0.0000,0.0000,24120.0000,0.0000,0.0000,0.0000,0.0000,0.0000,2412,0,0,0,"<LineString><coordinates>-111.900701,40.580632,0.0 -111.902652,40.580631,0.0</coordinates></LineString>",7984,11489,
11489,7984,a,300,660,2429,814.4000,0.4971,0.0000,30.0000,28.9914,97,A,0,0.0000,2429,0.0000,0.0000,24290.0000,0.0000,0.0000,0.0000,0.0000,0.0000,2429,0,0,0,"<LineString><coordinates>-111.902652,40.580631,0.0 -111.900701,40.580632,0.0</coordinates></LineString>",11489,7984,
8172,11489,a,300,660,2460,857.3000,0.4782,0.0000,35.0000,33.0031,94,A,0,0.0000,2460,0.0000,0.0000,24600.0000,0.0000,0.0000,0.0000,0.0000,0.0000,2460,0,0,0,"<LineString><coordinates>-111.905503,40.580683,0.0 -111.902653,40.580631,0.0</coordinates></LineString>",8172,11489,
11489,8172,a,300,660,2292,857.3000,0.4456,0.0000,35.0000,16.9605,48,D,0,0.0000,2292,0.0000,0.0000,22920.0000,0.0000,0.0000,0.0000,0.0000,0.0000,2292,0,0,0,"<LineString><coordinates>-111.902652,40.580662,0.0 -111.905503,40.580714,0.0</coordinates></LineString>",11489,8172,
10851,10852,a,300,660,3529,633.1000,0.9290,0.0000,24.0000,2.1565,9,F,0,0.0000,3529,0.0000,0.0000,35290.0000,0.0000,0.0000,0.0000,0.0000,0.0000,3529,0,0,0,"<LineString><coordinates>-111.906124,40.597048,0.0 -111.909240,40.598397,0.0</coordinates></LineString>",10851,10852,
10852,10851,a,300,660,2840,633.1000,0.7476,0.0000,24.0000,23.4731,98,A,0,0.0000,2840,0.0000,0.0000,28400.0000,0.0000,0.0000,0.0000,0.0000,0.0000,2840,0,0,0,"<LineString><coordinates>-111.909253,40.598368,0.0 -111.906136,40.597020,0.0</coordinates></LineString>",10852,10851,
10853,11910,a,300,660,2834,633.1000,0.7461,0.0000,24.0000,23.6758,99,A,0,0.0000,2834,0.0000,0.0000,28340.0000,0.0000,0.0000,0.0000,0.0000,0.0000,2834,0,0,0,"<LineString><coordinates>-111.904457,40.592384,0.0 -111.904274,40.589981,0.0</coordinates></LineString>",10853,11910,
11910,10853,a,300,660,3519,633.1000,0.9264,0.0000,24.0000,2.3049,10,F,0,0.0000,3519,0.0000,0.0000,35190.0000,0.0000,0.0000,0.0000,0.0000,0.0000,3519,0,0,0,"<LineString><coordinates>-111.904243,40.589984,0.0 -111.904426,40.592386,0.0</coordinates></LineString>",11910,10853,
11126,11127,a,300,660,4175,407.2000,0.8544,0.0000,36.0000,1.1355,3,F,0,0.0000,4175,0.0000,0.0000,41750.0000,0.0000,0.0000,0.0000,0.0000,0.0000,4175,0,0,0,"<LineString><coordinates>-111.918637,40.623740,0.0 -111.924686,40.623762,0.0</coordinates></LineString>",11126,11127,
11127,11126,a,300,660,5427,407.2000,1.1106,0.0000,36.0000,13.9154,39,E,0,0.0000,5427,0.0000,0.0000,54270.0000,0.0000,0.0000,0.0000,0.0000,0.0000,5427,0,0,0,"<LineString><coordinates>-111.924686,40.623731,0.0 -111.918637,40.623709,0.0</coordinates></LineString>",11127,11126,
11181,11182,a,300,660,1932,666.4000,0.4832,0.0000,29.0000,1.3931,5,F,0,0.0000,1932,0.0000,0.0000,19320.0000,0.0000,0.0000,0.0000,0.0000,0.0000,1932,0,0,0,"<LineString><coordinates>-111.931040,40.573160,0.0 -111.930162,40.572567,0.0</coordinates></LineString>",11181,11182,
11182,11181,a,300,660,2163,666.4000,0.5410,0.0000,29.0000,22.6711,78,B,0,0.0000,2163,0.0000,0.0000,21630.0000,0.0000,0.0000,0.0000,0.0000,0.0000,2163,0,0,0,"<LineString><coordinates>-111.930145,40.572593,0.0 -111.931022,40.573186,0.0</coordinates></LineString>",11182,11181,
11184,11257,a,300,660,3509,633.1000,0.9238,0.0000,24.0000,22.2641,93,A,0,0.0000,3509,0.0000,0.0000,35090.0000,0.0000,0.0000,0.0000,0.0000,0.0000,3509,0,0,0,"<LineString><coordinates>-111.913776,40.572317,0.0 -111.908378,40.569740,0.0</coordinates></LineString>",11184,11257,
11257,11184,a,300,660,4014,633.1000,1.0567,0.0000,24.0000,2.4602,10,F,0,0.0000,4014,0.0000,0.0000,40140.0000,0.0000,0.0000,0.0000,0.0000,0.0000,4014,0,0,0,"<LineString><coordinates>-111.908365,40.569768,0.0 -111.913763,40.572345,0.0</coordinates></LineString>",11257,11184,
